-- phpMyAdmin SQL Dump
-- version 5.1.1
-- https://www.phpmyadmin.net/
--
-- Servidor: 127.0.0.1
-- Tiempo de generación: 06-10-2021 a las 03:18:02
-- Versión del servidor: 10.4.21-MariaDB
-- Versión de PHP: 7.3.30

SET SQL_MODE = "NO_AUTO_VALUE_ON_ZERO";
START TRANSACTION;
SET time_zone = "+00:00";


/*!40101 SET @OLD_CHARACTER_SET_CLIENT=@@CHARACTER_SET_CLIENT */;
/*!40101 SET @OLD_CHARACTER_SET_RESULTS=@@CHARACTER_SET_RESULTS */;
/*!40101 SET @OLD_COLLATION_CONNECTION=@@COLLATION_CONNECTION */;
/*!40101 SET NAMES utf8mb4 */;

--
-- Base de datos: `pimienta`
--

-- --------------------------------------------------------

--
-- Estructura de tabla para la tabla `articulo`
--

CREATE TABLE `articulo` (
  `idarticulo` int(11) NOT NULL,
  `idcategoria` int(11) NOT NULL,
  `codigo` varchar(50) DEFAULT NULL,
  `nombre` varchar(100) NOT NULL,
  `stock` int(11) NOT NULL,
  `descripcion` varchar(256) DEFAULT NULL,
  `imagen` varchar(50) DEFAULT NULL,
  `ing1` int(11) NOT NULL,
  `cant1` int(11) NOT NULL,
  `ing2` int(11) NOT NULL,
  `cant2` int(11) NOT NULL,
  `ing3` int(11) NOT NULL,
  `cant3` int(11) NOT NULL,
  `ing4` int(11) NOT NULL,
  `cant4` int(11) NOT NULL,
  `ing5` int(11) NOT NULL,
  `cant5` int(11) NOT NULL,
  `ing6` int(11) NOT NULL,
  `cant6` int(11) NOT NULL,
  `ing7` int(11) NOT NULL,
  `cant7` int(11) NOT NULL,
  `condicion` tinyint(4) DEFAULT 1
) ENGINE=InnoDB DEFAULT CHARSET=utf8;

--
-- Volcado de datos para la tabla `articulo`
--

INSERT INTO `articulo` (`idarticulo`, `idcategoria`, `codigo`, `nombre`, `stock`, `descripcion`, `imagen`, `ing1`, `cant1`, `ing2`, `cant2`, `ing3`, `cant3`, `ing4`, `cant4`, `ing5`, `cant5`, `ing6`, `cant6`, `ing7`, `cant7`, `condicion`) VALUES
(26, 31, '454363785123', 'Parrilla Mar y Tierra', 1, '', '', 44, 1, 67, 1, 48, 1, 50, 1, 57, 1, 59, 1, 42, 0, 1),
(27, 31, '777654935157', 'Trucha a la parrilla', 1, '', '', 103, 1, 22, 0, 22, 0, 22, 0, 22, 0, 22, 0, 22, 0, 1),
(29, 31, '789356984122', 'Trucha en Camarones', 1, '', '', 103, 1, 48, 1, 22, 0, 22, 0, 22, 0, 22, 0, 22, 0, 1),
(30, 31, '032985674145', 'Trucha a la Marinera', 1, '', '', 103, 1, 48, 1, 50, 1, 22, 0, 22, 0, 22, 0, 22, 0, 1),
(34, 31, '945888258321', 'Cazuela de Mariscos', 1, '', '', 48, 1, 50, 1, 22, 0, 22, 0, 22, 0, 59, 0, 42, 0, 1),
(45, 12, '969321746951', 'French Fries Gratin', 1, '', '', 57, 2, 53, 1, 54, 2, 22, 0, 22, 0, 0, 0, 0, 0, 1),
(46, 12, '743856365412', 'French Fries Hawaiana', 1, '', '', 57, 2, 53, 1, 54, 2, 22, 0, 22, 0, 0, 0, 0, 0, 1),
(47, 12, '0219856036745', 'Arepa con Chorizo', 1, '', '', 55, 2, 22, 0, 22, 0, 22, 0, 22, 0, 0, 0, 0, 0, 1),
(48, 12, '963452745698', 'Bruschettas con Champiñones', 1, '', '', 54, 2, 56, 1, 22, 0, 22, 0, 22, 0, 0, 0, 0, 0, 1),
(49, 12, '362785412896', 'Bruschettas con Camarones', 1, '', '', 48, 1, 56, 1, 54, 2, 22, 0, 22, 0, 0, 0, 0, 0, 1),
(50, 12, '350980456564', 'Cheese Fingers', 1, '', '', 0, 0, 0, 0, 0, 0, 0, 0, 0, 0, 0, 0, 0, 0, 1),
(51, 13, '856321746599', 'Churrasco Argentino', 0, '', '', 32, 1, 57, 1, 22, 0, 22, 0, 22, 0, 0, 0, 0, 0, 1),
(52, 13, '145325896745', 'Steak Pimienta Rosa', 1, '', '', 34, 1, 57, 1, 22, 0, 22, 0, 22, 0, 0, 0, 0, 0, 1),
(53, 13, '325789415000', 'Bistec a Caballo', 1, '', '', 34, 1, 57, 1, 22, 0, 22, 0, 22, 0, 0, 0, 0, 0, 1),
(54, 13, '951321753125', 'Punta de Anca', 1, '', '', 31, 1, 57, 1, 22, 0, 22, 0, 22, 0, 0, 0, 0, 0, 1),
(55, 14, '555853951025', 'Pechuga a la Parrilla', 1, '', '', 33, 1, 57, 1, 22, 0, 22, 0, 22, 0, 0, 0, 0, 0, 1),
(56, 14, '7831025951001', 'Pechuga a la Parmesana', 1, '', '', 33, 1, 54, 2, 56, 1, 57, 1, 22, 0, 0, 0, 0, 0, 1),
(57, 14, '565641987025', 'Filet de Pechuga Especial', 1, '', '', 33, 1, 57, 1, 58, 1, 53, 1, 54, 2, 0, 0, 0, 0, 1),
(58, 14, '659140985125', 'Bistec a la Parmesana', 1, '', '', 34, 1, 57, 1, 56, 1, 54, 2, 22, 0, 0, 0, 0, 0, 1),
(59, 14, '554789632512', 'Lomo Baby Beef a la BBQ', 1, '', '', 0, 0, 0, 0, 0, 0, 0, 0, 0, 0, 0, 0, 0, 0, 1),
(60, 14, '546225823565', 'Lomo Baby Beef', 1, '', '', 34, 1, 57, 1, 22, 1, 22, 0, 22, 0, 0, 0, 0, 0, 1),
(61, 14, '352078069154', 'Lomo Encebollado', 1, '', '', 34, 1, 57, 1, 22, 0, 22, 0, 22, 0, 0, 0, 0, 0, 1),
(62, 14, '122458762525', 'Lomo Baby Especial', 1, '', '', 34, 1, 57, 1, 54, 2, 53, 1, 22, 0, 0, 0, 0, 0, 1),
(63, 14, '658015325785', 'Lomo de Cerdo a La Parrilla', 1, '', '', 0, 0, 0, 0, 0, 0, 0, 0, 0, 0, 0, 0, 0, 0, 1),
(64, 14, '120255521202', 'Lomo de Cerdo a La BBQ', 1, '', '', 47, 1, 57, 1, 22, 0, 22, 0, 22, 0, 0, 0, 0, 0, 1),
(65, 14, '114545421005', 'Lomo de Cerdo Especial', 1, '', '', 47, 1, 57, 1, 58, 1, 22, 0, 22, 0, 0, 0, 0, 0, 1),
(66, 14, '545600005565', 'Costilla de Cerdo BBQ', 1, '', '', 35, 2, 57, 1, 22, 0, 22, 0, 22, 0, 22, 0, 22, 0, 1),
(67, 31, '277451000145', 'Coctel de Camarones', 1, '', '', 48, 1, 22, 0, 22, 0, 22, 0, 22, 0, 22, 0, 22, 0, 1),
(68, 12, '251456224622', 'Ensalada Cesar', 1, '', '', 33, 1, 56, 1, 53, 2, 108, 2, 22, 0, 22, 0, 22, 0, 1),
(69, 15, '564744564455', 'Picada Pimienta Rosa Grande', 1, '', '', 44, 2, 45, 2, 67, 2, 57, 2, 55, 2, 0, 0, 0, 0, 1),
(70, 15, '554662212550', 'Picada Pimienta Rosa Personal', 0, '', '', 44, 1, 67, 1, 45, 1, 55, 1, 37, 1, 0, 0, 0, 0, 1),
(71, 15, '657120056654', 'Picada en la Zona Grande', 1, '', '', 44, 2, 67, 2, 55, 2, 57, 2, 59, 2, 0, 0, 0, 0, 1),
(72, 15, '466678787025', 'Salchipapa Grande', 1, '', '', 60, 3, 57, 2, 59, 2, 22, 0, 22, 0, 0, 0, 0, 0, 1),
(73, 15, '456454545400', 'Salchipapa Personal', 1, '', '', 60, 2, 57, 1, 59, 1, 22, 0, 22, 0, 0, 0, 0, 0, 1),
(74, 15, '457879121005', 'Desgranado de Maiz con Pollo y Carne Grande', 1, '', '', 44, 2, 67, 2, 58, 2, 57, 2, 53, 2, 0, 0, 0, 0, 1),
(75, 15, '544556036857', 'Picada en la Zona Personal', 1, '', '', 44, 1, 67, 1, 55, 1, 57, 1, 59, 1, 0, 0, 0, 0, 1),
(76, 15, '544779756566', 'Desgranado de Maiz con Pollo y Carne Personal', -2, '', '', 44, 1, 67, 1, 57, 1, 53, 1, 58, 1, 0, 0, 0, 0, 1),
(77, 16, '554787764100', 'Combo 1 Alitas BBQ', 1, '', '', 39, 1, 57, 1, 22, 0, 22, 0, 22, 0, 0, 0, 0, 0, 1),
(78, 16, '557791584445', 'Combo 2 Alitas BBQ', 1, '', '', 39, 2, 57, 1, 22, 0, 22, 0, 22, 0, 0, 0, 0, 0, 1),
(79, 17, '787978754550', 'Mixta de Carne y Pollo', 1, '', '', 34, 1, 33, 1, 57, 1, 22, 0, 22, 0, 0, 0, 0, 0, 1),
(80, 17, '456878766448', 'Mixta de Pollo y Costilla', 1, '', '', 33, 1, 35, 1, 57, 1, 22, 0, 22, 0, 0, 0, 0, 0, 1),
(81, 17, '545455786664', 'Mixta de Carne y Costilla', 1, '', '', 34, 1, 35, 1, 57, 1, 22, 0, 22, 0, 0, 0, 0, 0, 1),
(82, 17, '021425456462', 'Mixta de Carne y  Lomo de Cerdo', 1, '', '', 34, 1, 47, 1, 57, 1, 22, 0, 22, 0, 0, 0, 0, 0, 1),
(83, 17, '020142856510', 'Trifasico Pimienta Rosa', 1, '', '', 34, 1, 33, 1, 35, 1, 57, 1, 22, 0, 0, 0, 0, 0, 1),
(84, 18, '465665633850', 'Sencilla', 0, '', '', 0, 0, 0, 0, 0, 0, 0, 0, 0, 0, 0, 0, 0, 0, 1),
(85, 18, '5454610569987', 'Doble Carne', 0, '', '', 0, 0, 0, 0, 0, 0, 0, 0, 0, 0, 0, 0, 0, 0, 1),
(86, 18, '125648701256', 'Pollo Burger', -1, '', '', 0, 0, 0, 0, 0, 0, 0, 0, 0, 0, 0, 0, 0, 0, 1),
(87, 18, '656566005647', 'Mixta Burger', 0, '', '', 0, 0, 0, 0, 0, 0, 0, 0, 0, 0, 0, 0, 0, 0, 1),
(88, 18, '541540205587', 'Especial Burger', 0, '', '', 0, 0, 0, 0, 0, 0, 0, 0, 0, 0, 0, 0, 0, 0, 1),
(89, 18, '255679896211', 'American Burger', 0, '', '', 0, 0, 0, 0, 0, 0, 0, 0, 0, 0, 0, 0, 0, 0, 1),
(90, 18, '456788005256', 'Argentina Burger', -2, '', '', 0, 0, 0, 0, 0, 0, 0, 0, 0, 0, 0, 0, 0, 0, 1),
(91, 18, '564560564457', 'Filet  Mignon Burger', 0, '', '', 0, 0, 0, 0, 0, 0, 0, 0, 0, 0, 0, 0, 0, 0, 1),
(92, 18, '565005486879', 'Patacon Burger', 0, '', '', 0, 0, 0, 0, 0, 0, 0, 0, 0, 0, 0, 0, 0, 0, 1),
(93, 18, '323651555454', 'Ranchera Burger', 0, '', '', 0, 0, 0, 0, 0, 0, 0, 0, 0, 0, 0, 0, 0, 0, 1),
(94, 18, '102558481215', 'Bistec a Caballo Burger', 0, '', '', 40, 1, 54, 1, 57, 1, 22, 0, 22, 0, 0, 0, 0, 0, 1),
(95, 18, '142002544465', 'Mona Burger', 0, '', '', 40, 2, 61, 2, 22, 0, 22, 0, 22, 0, 22, 0, 22, 0, 1),
(96, 18, '251458789000', 'Triple Mona Burger', 0, '', '', 40, 3, 53, 3, 61, 3, 22, 0, 22, 0, 0, 0, 0, 0, 1),
(97, 18, '546767871212', 'Pimienta Burger', 0, '', '', 40, 1, 54, 1, 42, 1, 53, 1, 22, 0, 0, 0, 0, 0, 1),
(98, 18, '012545645685', 'Rosa Burger', 0, '', '', 41, 2, 54, 2, 52, 2, 22, 0, 22, 0, 0, 0, 0, 0, 1),
(99, 18, '521054868979', 'Piña Burger', 0, '', '', 40, 1, 54, 1, 53, 1, 22, 0, 22, 0, 0, 0, 0, 0, 1),
(100, 18, '012548689144', 'Monster Burger', 0, '', '', 40, 2, 61, 2, 53, 2, 22, 0, 22, 0, 0, 0, 0, 0, 1),
(101, 19, '210564856564', 'Hawaiano Dog', 1, '', '', 63, 1, 60, 1, 22, 1, 52, 1, 54, 1, 22, 0, 22, 0, 1),
(102, 19, '125405867651', 'Mexicano Dog', 1, '', '', 64, 1, 60, 1, 53, 1, 54, 1, 58, 1, 22, 0, 22, 0, 1),
(103, 19, '251465140128', 'Americano Dog', 1, '', '', 60, 1, 63, 1, 53, 1, 61, 1, 22, 0, 22, 0, 22, 0, 1),
(104, 19, '541651450585', 'Pimienta Rosa Dog', 1, '', '', 60, 1, 44, 1, 54, 1, 63, 1, 22, 0, 22, 0, 22, 0, 1),
(105, 19, '012546578999', 'Rottweiler de la Zona', 1, '', '', 65, 1, 44, 1, 67, 1, 53, 3, 54, 3, 58, 0, 42, 2, 1),
(106, 20, '015487992511', 'Sandwich de Pollo', 1, '', '', 64, 2, 67, 1, 54, 1, 22, 0, 22, 0, 58, 0, 42, 0, 1),
(107, 20, '254545456456', 'Sandwich de Carne', 1, '', '', 64, 2, 42, 1, 54, 1, 22, 0, 22, 0, 58, 0, 42, 0, 1),
(108, 20, '251487587892', 'Sandwich de Jamon y Queso', 1, '', '', 64, 1, 52, 1, 54, 1, 22, 0, 22, 0, 58, 0, 42, 0, 1),
(109, 21, '546898799111', 'Fetuccini a la Carbonara', 1, '', '', 66, 1, 53, 2, 56, 1, 22, 0, 22, 0, 58, 0, 42, 0, 1),
(110, 21, '154574678777', 'Fetuccini a la Boloña', 1, '', '', 66, 1, 40, 1, 56, 1, 22, 0, 22, 0, 58, 0, 42, 0, 1),
(111, 21, '545541485887', 'Fetuccini a la Marinera', 1, '', '', 66, 1, 50, 1, 48, 1, 56, 1, 22, 0, 58, 0, 42, 0, 1),
(112, 21, '022575992010', 'Fetuccini con Camarones', 1, '', '', 66, 1, 48, 1, 56, 1, 22, 0, 22, 0, 58, 0, 42, 0, 1),
(113, 22, '6526564769687', 'Queso Cheddar', 0, '', '', 0, 0, 0, 0, 0, 0, 0, 0, 0, 0, 0, 0, 0, 0, 1),
(114, 22, '5485674857487', 'Champiñones en Salsa', 0, '', '', 0, 0, 0, 0, 0, 0, 0, 0, 0, 0, 0, 0, 0, 0, 1),
(115, 22, '546567885444', 'Tocineta Ahumada', 0, '', '', 0, 0, 0, 0, 0, 0, 0, 0, 0, 0, 0, 0, 0, 0, 1),
(116, 22, '952450018787', 'Chorizo', 0, '', '', 0, 0, 0, 0, 0, 0, 0, 0, 0, 0, 0, 0, 0, 0, 1),
(117, 22, '545450678978', 'Papas a la Francesa', -3, '', '', 57, 1, 22, 0, 22, 0, 22, 0, 22, 0, 22, 0, 22, 0, 1),
(118, 22, '454551017898', 'Cebolla CrIspy', 0, '', '', 0, 0, 0, 0, 0, 0, 0, 0, 0, 0, 0, 0, 0, 0, 1),
(119, 22, '415409874655', 'Aros de Cebolla', 0, '', '', 0, 0, 0, 0, 0, 0, 0, 0, 0, 0, 0, 0, 0, 0, 1),
(121, 22, '251451777878', 'Jalapeños', 0, '', '', 0, 0, 0, 0, 0, 0, 0, 0, 0, 0, 0, 0, 0, 0, 1),
(122, 22, '514117889455', 'Huevo Frito', 0, '', '', 0, 0, 0, 0, 0, 0, 0, 0, 0, 0, 0, 0, 0, 0, 1),
(123, 22, '515211547987', 'Parmesano', 0, '', '', 0, 0, 0, 0, 0, 0, 0, 0, 0, 0, 0, 0, 0, 0, 1),
(124, 22, '154855679994', 'Queso Doble Crema', 0, '', '', 0, 0, 0, 0, 0, 0, 0, 0, 0, 0, 0, 0, 0, 0, 1),
(125, 22, '456812115545', 'Salchicha', 0, '', '', 0, 0, 0, 0, 0, 0, 0, 0, 0, 0, 0, 0, 0, 0, 1),
(126, 22, '524560007866', 'Jamon', 0, '', '', 0, 0, 0, 0, 0, 0, 0, 0, 0, 0, 0, 0, 0, 0, 1),
(127, 22, '115454787944', 'Piña Asada', 0, '', '', 0, 0, 0, 0, 0, 0, 0, 0, 0, 0, 0, 0, 0, 0, 1),
(128, 22, '545788991266', 'Maiz', 0, '', '', 0, 0, 0, 0, 0, 0, 0, 0, 0, 0, 0, 0, 0, 0, 1),
(129, 22, '514557977945', 'Maduro Horneado Con Queso', 0, '', '', 0, 0, 0, 0, 0, 0, 0, 0, 0, 0, 0, 0, 0, 0, 1),
(130, 23, '251425455422', 'Cup Tentacion', 1, '', '', 0, 0, 0, 0, 0, 0, 0, 0, 0, 0, 0, 0, 0, 0, 1),
(131, 23, '454878979890', 'Mousse de Frutas', 1, '', '', 0, 0, 0, 0, 0, 0, 0, 0, 0, 0, 0, 0, 0, 0, 1),
(132, 23, '142514568784', 'Waffles', 1, '', '', 0, 0, 0, 0, 0, 0, 0, 0, 0, 0, 0, 0, 0, 0, 1),
(133, 23, '545463361212', 'Malteada de fresa con Helado', 1, '', '', 76, 1, 99, 1, 25, 1, 24, 1, 22, 0, 22, 0, 22, 0, 1),
(135, 23, '212545966125', 'Batido Frapuccino', 1, '', '', 77, 1, 25, 1, 24, 1, 78, 1, 85, 1, 85, 0, 22, 0, 1),
(136, 23, '215747897872', 'Batido Frapuccino (Baileys o Amaretto)', 1, '', '', 77, 1, 25, 1, 24, 1, 78, 1, 93, 1, 85, 1, 22, 0, 1),
(137, 23, '514545454015', 'Granizado de fresa', 1, '', '', 76, 1, 24, 1, 22, 0, 22, 0, 22, 0, 22, 0, 22, 0, 1),
(138, 23, '564645644678', 'Limonada Natural', 0, '', '', 91, 1, 24, 1, 22, 0, 22, 0, 22, 0, 22, 0, 22, 0, 1),
(139, 23, '224545664555', 'Limonada Soda', 1, '', '', 91, 1, 24, 1, 92, 1, 22, 0, 22, 0, 22, 0, 22, 0, 1),
(140, 23, '212125485671', 'Limonada de Cereza', 1, '', '', 91, 1, 83, 1, 22, 0, 22, 0, 22, 0, 22, 0, 22, 0, 1),
(141, 23, '454144468870', 'Limonada de Flor de Jamaica', 1, '', '', 91, 1, 107, 1, 24, 1, 22, 0, 22, 0, 22, 0, 22, 0, 1),
(142, 23, '145645649999', 'Limonada de Coco', 1, '', '', 91, 1, 24, 1, 80, 1, 25, 1, 22, 0, 22, 0, 22, 0, 1),
(143, 23, '154569798021', 'Michelada Clasica', 1, '', '', 0, 0, 0, 0, 0, 0, 0, 0, 0, 0, 0, 0, 0, 0, 1),
(144, 23, '545749654544', 'Michelada Mango', 1, '', '', 0, 0, 0, 0, 0, 0, 0, 0, 0, 0, 0, 0, 0, 0, 1),
(145, 23, '214789455987', 'Michelada  Mexicana', 1, '', '', 0, 0, 0, 0, 0, 0, 0, 0, 0, 0, 0, 0, 0, 0, 1),
(146, 23, '514566789725', 'Michelada Apple', 1, '', '', 91, 1, 90, 1, 74, 1, 22, 0, 22, 0, 22, 0, 22, 0, 1),
(147, 23, '215466961422', 'Michelada  Cherry', 1, '', '', 91, 1, 90, 1, 22, 0, 22, 0, 22, 0, 22, 0, 22, 0, 1),
(148, 23, '256447488996', 'Michelada  Gomitas', 1, '', '', 91, 1, 90, 1, 22, 0, 22, 0, 22, 0, 22, 0, 22, 0, 1),
(149, 23, '545787897964', 'Michelada Miguelito Chamoy', 1, '', '', 91, 1, 22, 0, 22, 0, 22, 0, 22, 0, 22, 0, 22, 0, 1),
(150, 23, '212557789994', 'Michelada  Clamote', 1, '', '', 91, 1, 22, 0, 22, 0, 22, 0, 22, 0, 22, 0, 22, 0, 1),
(151, 23, '574567897799', 'Tea Helado', 1, '', '', 0, 0, 0, 0, 0, 0, 0, 0, 0, 0, 0, 0, 0, 0, 1),
(152, 24, '114556798778', 'Pimienta Rosa', 1, '', '', 91, 1, 84, 1, 69, 1, 22, 0, 22, 0, 24, 0, 22, 0, 1),
(153, 24, '514568799415', 'Pimienta Negra', 1, '', '', 91, 1, 23, 1, 22, 1, 22, 0, 22, 0, 24, 0, 22, 0, 1),
(154, 24, '487897766667', 'Pimienta en la Zona', 1, '', '', 76, 1, 69, 1, 68, 1, 92, 1, 22, 0, 24, 0, 22, 0, 1),
(155, 24, '215646798789', 'Piña Colada en Piña', 1, '', '', 22, 1, 25, 1, 24, 1, 80, 1, 23, 1, 24, 0, 22, 0, 1),
(156, 24, '546847897987', 'Che-La', 1, '', '', 76, 1, 83, 1, 93, 1, 71, 1, 25, 1, 24, 1, 22, 0, 1),
(157, 24, '445857897798', 'Destornillador', 1, '', '', 95, 1, 83, 1, 23, 1, 22, 0, 22, 0, 22, 0, 22, 0, 1),
(158, 24, '524567979855', 'A C P M', 1, '', '', 88, 1, 75, 1, 71, 1, 25, 1, 24, 1, 22, 0, 22, 0, 1),
(159, 24, '654645454787', 'Wet Dreams', 1, '', '', 23, 1, 24, 1, 25, 1, 80, 1, 22, 0, 22, 0, 22, 0, 1),
(160, 24, '547611202121', 'Sunny Dreams', 1, '', '', 98, 1, 99, 1, 95, 1, 69, 1, 22, 0, 22, 0, 22, 0, 1),
(161, 24, '465897700211', 'Kiss Pink', 1, '', '', 76, 1, 93, 1, 72, 1, 24, 1, 25, 1, 91, 0, 95, 0, 1),
(162, 24, '546012210025', 'Cola Smooth', 1, '', '', 97, 1, 23, 1, 78, 1, 22, 0, 22, 0, 91, 0, 95, 0, 1),
(163, 24, '542540111024', 'Ocean Blue / Pecera', 1, '', '', 23, 1, 94, 1, 71, 1, 68, 1, 74, 1, 91, 3, 95, 3, 1),
(164, 24, '254678887941', 'Tate Quieto', 1, '', '', 23, 1, 71, 1, 69, 1, 72, 1, 94, 1, 91, 1, 83, 1, 1),
(165, 25, '415487891100', 'Margarita Pasion', 1, '', '', 68, 1, 69, 1, 91, 1, 88, 1, 22, 0, 22, 0, 22, 0, 1),
(166, 25, '115455544112', 'Margarita Strawberry', 1, '', '', 68, 1, 69, 1, 91, 1, 76, 1, 22, 0, 22, 0, 22, 0, 1),
(167, 25, '548956789912', 'Margarita Green', 1, '', '', 68, 1, 22, 1, 69, 1, 96, 1, 22, 0, 22, 0, 22, 0, 1),
(168, 25, '212567878899', 'Margarita Clasico', 1, '', '', 91, 1, 68, 1, 69, 1, 22, 0, 22, 0, 22, 0, 22, 0, 1),
(169, 25, '457789744455', 'Mojito Cubano', 1, '', '', 23, 1, 81, 1, 92, 1, 24, 1, 91, 1, 22, 0, 22, 0, 1),
(170, 25, '5451501001012', 'Mojito Pasion', 1, '', '', 23, 1, 81, 1, 24, 1, 88, 1, 91, 1, 22, 0, 22, 0, 1),
(171, 25, '455556465665', 'Mojito de Mango', 1, '', '', 23, 1, 81, 1, 24, 1, 84, 1, 91, 1, 22, 0, 22, 0, 1),
(172, 25, '514564548775', 'Margarita Hot', 1, '', '', 68, 1, 69, 1, 91, 1, 22, 0, 22, 0, 22, 0, 22, 0, 1),
(173, 25, '545648789945', 'Lulada', 1, '', '', 70, 1, 71, 1, 92, 1, 22, 0, 22, 0, 22, 0, 22, 0, 1),
(174, 25, '125448877711', 'Piña Colada', 1, '', '', 22, 1, 25, 1, 24, 1, 80, 1, 23, 2, 22, 0, 22, 0, 1),
(175, 25, '0026564564665', 'Cuba Libre', 1, '', '', 23, 1, 97, 1, 91, 1, 22, 0, 22, 0, 22, 0, 22, 0, 1),
(176, 25, '545410000565', 'Cosmopolitan', 1, '', '', 71, 1, 83, 1, 95, 1, 22, 0, 22, 0, 22, 0, 22, 0, 1),
(177, 25, '556489792212', 'Manhatan', 1, '', '', 73, 1, 97, 1, 72, 1, 91, 1, 22, 0, 22, 0, 22, 0, 1),
(178, 25, '156779798789', 'Mai Tai', 1, '', '', 83, 1, 95, 1, 23, 2, 22, 0, 22, 0, 22, 0, 22, 0, 1),
(179, 25, '5454898988889', 'Malibu Ice', 1, '', '', 96, 1, 91, 1, 68, 1, 69, 1, 22, 0, 22, 0, 22, 0, 1),
(180, 25, '5485899994485', 'Electrica', 1, '', '', 91, 1, 68, 1, 74, 1, 24, 1, 22, 0, 25, 0, 22, 0, 1),
(181, 25, '454856787991', 'Atlantis', 1, '', '', 75, 1, 91, 1, 71, 1, 24, 1, 22, 0, 25, 0, 22, 0, 1),
(182, 25, '114564474789', 'BlueBerry', 1, '', '', 83, 1, 91, 1, 71, 1, 69, 1, 22, 0, 25, 0, 22, 0, 1),
(183, 25, '2514458789789', 'Iceberg Tropical', 1, '', '', 22, 1, 25, 1, 75, 1, 74, 1, 24, 1, 25, 0, 22, 0, 1),
(184, 25, '245568878794', 'Huracan', 1, '', '', 22, 1, 72, 1, 71, 1, 22, 0, 22, 0, 25, 0, 22, 0, 1),
(185, 25, '254456787877', 'Huracan Blue', 1, '', '', 22, 1, 72, 1, 71, 1, 74, 1, 22, 0, 25, 0, 22, 0, 1),
(186, 25, '546896789975', 'Kamikaze', 1, '', '', 71, 1, 91, 1, 69, 1, 22, 0, 22, 0, 25, 0, 22, 0, 1),
(187, 25, '145648978987', 'Miami Vice', 1, '', '', 76, 1, 22, 1, 71, 1, 23, 1, 24, 1, 25, 1, 22, 0, 1),
(188, 25, '454556455666', 'Caipirinha', 1, '', '', 23, 2, 91, 1, 92, 1, 22, 0, 22, 0, 22, 0, 22, 0, 1),
(189, 25, '545565565454', 'Tequila Sunrise', 1, '', '', 68, 2, 69, 1, 95, 1, 22, 0, 22, 0, 22, 0, 22, 0, 1),
(190, 25, '569859898977', 'GIN AND TONIC', 1, '', '', 94, 2, 91, 1, 92, 1, 22, 0, 22, 0, 22, 0, 22, 0, 1),
(191, 25, '57875878977', 'Orgasmo', 1, '', '', 77, 1, 72, 1, 93, 1, 75, 1, 24, 1, 78, 1, 25, 1, 1),
(192, 26, '356567899820', 'Pink Pussy', 1, '', '', 0, 0, 0, 0, 0, 0, 0, 0, 0, 0, 0, 0, 0, 0, 1),
(193, 26, '254856712123', 'Blue Movie', 1, '', '', 0, 0, 0, 0, 0, 0, 0, 0, 0, 0, 0, 0, 0, 0, 1),
(194, 26, '415400154795', 'Toxic Avenger', 1, '', '', 0, 0, 0, 0, 0, 0, 0, 0, 0, 0, 0, 0, 0, 0, 1),
(195, 26, '5485676878978', 'Porn Star', 1, '', '', 0, 0, 0, 0, 0, 0, 0, 0, 0, 0, 0, 0, 0, 0, 1),
(196, 26, '465456456132', 'ABC', 1, '', '', 0, 0, 0, 0, 0, 0, 0, 0, 0, 0, 0, 0, 0, 0, 1),
(197, 26, '454877965455', 'Margaret', 1, '', '', 0, 0, 0, 0, 0, 0, 0, 0, 0, 0, 0, 0, 0, 0, 1),
(198, 26, '545789321325', 'Silver Billet', 1, '', '', 0, 0, 0, 0, 0, 0, 0, 0, 0, 0, 0, 0, 0, 0, 1),
(199, 26, '36465666665', 'Capuccinottini', 1, '', '', 0, 0, 0, 0, 0, 0, 0, 0, 0, 0, 0, 0, 0, 0, 1),
(200, 26, '456456685454', 'Granberry Cockie', 1, '', '', 0, 0, 0, 0, 0, 0, 0, 0, 0, 0, 0, 0, 0, 0, 1),
(201, 26, '5748569789789', 'Por Trago (VODKA, RON, WHISKY, AMARETTO, AGUARDIENTE Y GINEBRA)', 1, '', '', 0, 0, 0, 0, 0, 0, 0, 0, 0, 0, 0, 0, 0, 0, 1),
(202, 27, '546487936545', 'Gaseosa 1.5 Lt', 33, '', '', 22, 0, 22, 0, 22, 0, 22, 0, 22, 0, 22, 0, 22, 0, 1),
(203, 27, '568787556414', 'Gaseosa 3 Lt', 8, '', '', 0, 0, 0, 0, 0, 0, 0, 0, 0, 0, 0, 0, 0, 0, 1),
(204, 27, '545454567999', 'Gaseosa Pet 400', 10, '', '', 0, 0, 0, 0, 0, 0, 0, 0, 0, 0, 0, 0, 0, 0, 1),
(205, 27, '4545645674677', 'Soda 10 Oz', 15, '', '', 0, 0, 0, 0, 0, 0, 0, 0, 0, 0, 0, 0, 0, 0, 1),
(206, 27, '5245464501078', 'Agua Pet 600', 101, '', '', 22, 0, 22, 0, 22, 0, 22, 0, 22, 0, 22, 0, 22, 0, 1),
(207, 27, '251456798155', 'Coca de Lata', 0, '', '', 0, 0, 0, 0, 0, 0, 0, 0, 0, 0, 0, 0, 0, 0, 1),
(208, 42, '1454789845456', 'Vino Casillero Del Diablo', 1, '', '', 22, 0, 22, 0, 22, 0, 22, 0, 22, 0, 22, 0, 22, 0, 1),
(209, 42, '545485679846', 'Vino Gato Negro', 1, '', '', 22, 0, 22, 0, 22, 0, 22, 0, 22, 0, 22, 0, 22, 0, 1),
(210, 42, '454897215423', 'Vino Frontera', 1, '', '', 22, 0, 22, 0, 22, 0, 22, 0, 22, 0, 22, 0, 22, 0, 1),
(211, 42, '145645601035', 'Vino  STA RITA 120 SAUVIGNON', 1, '', '', 22, 0, 22, 0, 22, 0, 22, 0, 22, 0, 22, 0, 22, 0, 1),
(212, 42, '545646779933', 'Manichewitz', 1, '', '', 22, 0, 22, 0, 22, 0, 22, 0, 22, 0, 22, 0, 22, 0, 1),
(213, 35, '416857982135', 'Absolut Vodka', 0, '', '', 22, 0, 22, 0, 22, 0, 22, 0, 22, 0, 22, 0, 22, 0, 1),
(214, 35, '145648972156', 'Smirnoff', 0, '', '', 22, 0, 22, 0, 22, 0, 22, 0, 22, 0, 22, 0, 22, 0, 1),
(218, 29, '289378921738927', 'Aguila original', 11, '', '', 22, 0, 22, 0, 22, 0, 22, 0, 22, 0, 22, 0, 22, 0, 1),
(219, 29, '2897498237489', 'Aguila light', 8, '', '', 0, 0, 0, 0, 0, 0, 0, 0, 0, 0, 0, 0, 0, 0, 1),
(220, 29, '80973490328490', 'Poker', 16, '', '', 22, 0, 22, 0, 22, 0, 22, 0, 22, 0, 22, 0, 22, 0, 1),
(221, 29, '903284390284920', 'Club colombia negra', 21, '', '', 22, 0, 22, 0, 22, 0, 22, 0, 22, 0, 22, 0, 22, 0, 1),
(222, 29, '83297983274324', 'Budweiser', 14, '', '', 22, 0, 22, 0, 22, 0, 22, 0, 22, 0, 22, 0, 22, 0, 1),
(223, 29, '238947238947', 'Becks', 0, '', '', 0, 0, 0, 0, 0, 0, 0, 0, 0, 0, 0, 0, 0, 0, 1),
(224, 29, '94802349083290', 'Corona', 19, '', '', 0, 0, 0, 0, 0, 0, 0, 0, 0, 0, 0, 0, 0, 0, 1),
(225, 29, '893472389472398', 'Stella artois', 0, '', '', 0, 0, 0, 0, 0, 0, 0, 0, 0, 0, 0, 0, 0, 0, 1),
(226, 29, '129372819789121', 'Heineken', 0, '', '', 0, 0, 0, 0, 0, 0, 0, 0, 0, 0, 0, 0, 0, 0, 1),
(227, 29, '839742398748923', 'Liefmans fruitesse', 4, '', '', 22, 0, 22, 0, 22, 0, 22, 0, 22, 0, 22, 0, 22, 0, 1),
(228, 29, '9823789473293', 'Benediktiner', 18, '', '', 0, 0, 0, 0, 0, 0, 0, 0, 0, 0, 0, 0, 0, 0, 1),
(229, 30, '4095803943454', 'Piña colada combo', 1, '', '', 22, 2, 23, 4, 24, 3, 25, 3, 22, 0, 0, 0, 0, 0, 1),
(230, 12, '9999', 'Bruschettas italianas', 1, '', '', 54, 2, 56, 1, 22, 0, 22, 0, 22, 0, 0, 0, 0, 0, 1),
(232, 12, '9997', 'Nuggets de Pollo', 1, '', '', 33, 1, 57, 1, 22, 0, 22, 0, 22, 0, 0, 0, 0, 0, 1),
(233, 31, '5645645646', 'Ceviche de camarones', 1, '', '', 48, 1, 22, 0, 22, 0, 22, 0, 22, 0, 22, 0, 22, 0, 1),
(234, 32, '3424345353', 'Servicio domicilio', 99, '', '', 22, 0, 22, 0, 22, 0, 22, 0, 22, 0, 22, 0, 22, 0, 1),
(235, 32, '453454353', 'Empaque J1 para llevar', 131, '', '', 22, 0, 22, 0, 22, 0, 22, 0, 22, 0, 22, 0, 22, 0, 1),
(236, 24, '4234324242', 'Lamborginni', 1, '', '', 23, 1, 71, 1, 68, 1, 72, 1, 93, 1, 22, 0, 22, 0, 1),
(237, 29, '24234234324', 'Cerveza bitburguert', 7, '', '', 22, 0, 22, 0, 22, 0, 22, 0, 22, 0, 22, 0, 22, 0, 1),
(238, 29, '534165154', 'Cerveza erdinger', 6, '', '', 22, 0, 22, 0, 22, 0, 22, 0, 22, 0, 22, 0, 22, 0, 1),
(239, 29, '4353453453', 'Cerveza czechvar', 12, '', '', 22, 0, 22, 0, 22, 0, 22, 0, 22, 0, 22, 0, 22, 0, 1),
(240, 29, '43353453543543', 'Cerveza hollanda', 5, '', '', 22, 0, 22, 0, 22, 0, 22, 0, 22, 0, 22, 0, 22, 0, 1),
(241, 42, '24234324', 'Vino Gato Negro 9 vidas', 0, '', '', 22, 0, 22, 0, 22, 0, 22, 0, 22, 0, 22, 0, 22, 0, 1),
(242, 23, '435345345345', 'Malteada de maracuya con helado', 1, '', '', 99, 1, 88, 1, 25, 1, 24, 1, 22, 0, 22, 0, 22, 0, 1),
(243, 23, '4234234324', 'Malteada de brownie con helado', 1, '', '', 99, 1, 100, 1, 25, 1, 24, 1, 22, 0, 22, 0, 22, 0, 1),
(244, 23, '34234234324', 'Malteada de oreo con helado', 1, '', '', 99, 1, 87, 2, 25, 1, 24, 1, 22, 0, 22, 0, 22, 0, 1),
(245, 23, '34534543453534', 'Malteada de chocolate con helado', 1, '', '', 99, 1, 25, 1, 24, 1, 86, 1, 101, 1, 22, 1, 22, 1, 1),
(246, 23, '42342342342', 'Malteada de milo con helado', 1, '', '', 99, 1, 102, 1, 25, 1, 24, 1, 22, 0, 22, 0, 22, 0, 1),
(247, 23, '342342343242', 'Granizado de mango', 1, '', '', 84, 1, 24, 1, 22, 0, 22, 0, 22, 0, 22, 0, 22, 0, 1),
(248, 23, '21351552', 'Granizado de maracuya', 1, '', '', 88, 1, 24, 1, 22, 0, 22, 0, 22, 0, 22, 0, 22, 0, 1),
(249, 23, '342343243243', 'Granizado de lulo', 1, '', '', 70, 1, 24, 1, 22, 0, 22, 0, 22, 0, 22, 0, 22, 0, 1),
(250, 23, '5344343', 'Granizado de piña', 1, '', '', 22, 1, 24, 1, 22, 0, 22, 0, 22, 0, 22, 0, 22, 0, 1),
(251, 23, '654564564545', 'Granizado de naranja', 1, '', '', 95, 1, 24, 1, 22, 0, 22, 0, 22, 0, 22, 0, 22, 0, 1),
(252, 40, '2303213', 'Frumali', 1, '', '', 76, 1, 84, 1, 91, 1, 22, 0, 22, 0, 22, 0, 22, 0, 1),
(253, 40, '0324120321', 'Frubama', 1, '', '', 84, 1, 88, 1, 104, 1, 22, 0, 22, 0, 22, 0, 22, 0, 1),
(254, 40, '0646216', 'Frupiña', 1, '', '', 22, 1, 88, 1, 105, 1, 22, 0, 22, 0, 22, 0, 22, 0, 1),
(255, 40, '03246504', 'Frupana', 1, '', '', 104, 1, 105, 1, 95, 1, 22, 0, 22, 0, 22, 0, 22, 0, 1),
(256, 40, '0.321201', 'Fruguapa', 1, '', '', 106, 1, 76, 1, 22, 0, 22, 0, 22, 0, 22, 0, 22, 0, 1),
(257, 27, '243543545654', 'Ginger schweppers 10 Oz', 4, '', '', 22, 0, 22, 0, 22, 0, 22, 0, 22, 0, 22, 0, 22, 0, 1),
(258, 29, '231313123', 'Club Colombia dorada', 5, '', '', 22, 0, 22, 0, 22, 0, 22, 0, 22, 0, 22, 0, 22, 0, 1),
(259, 22, '23423423432', 'Tostadas', -2, '', '', 22, 0, 22, 0, 22, 0, 22, 0, 22, 0, 22, 0, 22, 0, 1),
(260, 32, '3453534534', 'empaque P1 para llevar', 56, '', '', 22, 0, 22, 0, 22, 0, 22, 0, 22, 0, 22, 0, 22, 0, 1),
(261, 33, '324234234324', 'WHISKY CHIVAS REGAL 12 AÑOS 700 ML', 0, '', '', 22, 0, 22, 0, 22, 0, 22, 0, 22, 0, 22, 0, 22, 0, 1),
(262, 33, '33423423423', 'WHISKY CHIVAS REGAL EXTRA 15 AÑOS 700 ML', 0, '', '', 22, 0, 22, 0, 22, 0, 22, 0, 22, 0, 22, 0, 22, 0, 1),
(263, 33, '3435345435', 'WHISKY CHIVAS REGAL 18 AÑOS 700 ML', 0, '', '', 22, 0, 22, 0, 22, 0, 22, 0, 22, 0, 22, 0, 22, 0, 1),
(264, 33, '43543543534', 'WHISKY JAMESON 700 ML', 0, '', '', 22, 0, 22, 0, 22, 0, 22, 0, 22, 0, 22, 0, 22, 0, 1),
(265, 33, '454353534543', 'WHISKY BALLANTINE´S FINEST 700 ML', 0, '', '', 22, 0, 22, 0, 22, 0, 22, 0, 22, 0, 22, 0, 22, 0, 1),
(266, 33, '34545353454', 'WIHISKY PASSPORT 700ML', 0, '', '', 22, 0, 22, 0, 22, 0, 22, 0, 22, 0, 22, 0, 22, 0, 1),
(267, 33, '342343242423', 'WHISKY JACK DANIELS TENNESSE HONEY 750 ML', 0, '', '', 22, 0, 22, 0, 22, 0, 22, 0, 22, 0, 22, 0, 22, 0, 1),
(268, 33, '32424234324234', 'WHISKY JACK DANIELS TENNESSE 750 ML', 0, '', '', 22, 0, 22, 0, 22, 0, 22, 0, 22, 0, 22, 0, 22, 0, 1),
(269, 33, '3454353453', 'WHISKY SOMETHING SPECIAL 750 ML', 0, '', '', 22, 0, 22, 0, 22, 0, 22, 0, 22, 0, 22, 0, 22, 0, 1),
(270, 36, '342423423423', 'TEQUILA OLMECA REPOSADO 700ML', 1, '', '', 22, 0, 22, 0, 22, 0, 22, 0, 22, 0, 22, 0, 22, 0, 1),
(271, 36, '234234234234', 'TEQUILA JOSE CUERVO REPOSADO 750ML', 1, '', '', 22, 0, 22, 0, 22, 0, 22, 0, 22, 0, 22, 0, 22, 0, 1),
(272, 34, '4535434534534', 'Beffeater London pink', 0, '', '', 22, 0, 22, 0, 22, 0, 22, 0, 22, 0, 22, 0, 22, 0, 1),
(273, 34, '435345345435', 'Beffeater London original', 0, '', '', 22, 0, 22, 0, 22, 0, 22, 0, 22, 0, 22, 0, 22, 0, 1),
(277, 37, '432423423424', 'JP Chenet Bot. 750 ML', 1, '', '', 22, 0, 22, 0, 22, 0, 22, 0, 22, 0, 22, 0, 22, 0, 1),
(278, 37, '342342343242', 'JP Chenet lata 250 ML', 0, '', '', 22, 0, 22, 0, 22, 0, 22, 0, 22, 0, 22, 0, 22, 0, 1),
(279, 37, '3432432432432', 'Espumoso Alteza', 0, '', '', 22, 0, 22, 0, 22, 0, 22, 0, 22, 0, 22, 0, 22, 0, 1),
(280, 38, '34235345353', 'Antioqueño 750ML', 0, '', '', 22, 0, 22, 0, 22, 0, 22, 0, 22, 0, 22, 0, 22, 0, 1),
(281, 38, '456456456456464', 'Cristal XS', 0, '', '', 22, 0, 22, 0, 22, 0, 22, 0, 22, 0, 22, 0, 22, 0, 1),
(282, 39, '453534535435345', 'Medellin 750 Ml', 0, '', '', 22, 0, 22, 0, 22, 0, 22, 0, 22, 0, 22, 0, 22, 0, 1),
(283, 39, '89009808098098908', 'Ron caldas 750 ML', 0, '', '', 22, 0, 22, 0, 22, 0, 22, 0, 22, 0, 22, 0, 22, 0, 1),
(284, 39, '78978978987987', 'Ron bacardi 750 Ml', 0, '', '', 22, 0, 22, 0, 22, 0, 22, 0, 22, 0, 22, 0, 22, 0, 1),
(285, 39, '45345435435', 'Ron havana club 750 Ml', 0, '', '', 22, 0, 22, 0, 22, 0, 22, 0, 22, 0, 22, 0, 22, 0, 1),
(286, 23, '56265256265', 'Limonada de Hierbabuena', 0, '', '', 22, 0, 22, 0, 22, 0, 22, 0, 22, 0, 22, 0, 22, 0, 1);

-- --------------------------------------------------------

--
-- Estructura de tabla para la tabla `categoria`
--

CREATE TABLE `categoria` (
  `idcategoria` int(11) NOT NULL,
  `nombre` varchar(50) NOT NULL,
  `descripcion` varchar(256) DEFAULT NULL,
  `condicion` tinyint(4) NOT NULL DEFAULT 1
) ENGINE=InnoDB DEFAULT CHARSET=utf8;

--
-- Volcado de datos para la tabla `categoria`
--

INSERT INTO `categoria` (`idcategoria`, `nombre`, `descripcion`, `condicion`) VALUES
(9, 'Desayuno', '', 1),
(10, 'Jugos Naturales', '', 1),
(11, 'Especiales', '', 1),
(12, 'Entradas', '', 1),
(13, 'Recomendados De La Casa', '', 1),
(14, 'Otras Opciones', '', 1),
(15, 'Picadas', '', 1),
(16, 'Alitas BBQ', '', 1),
(17, 'Tablas Mixtas', '', 1),
(18, 'Hamburguesas', '', 1),
(19, 'Perros Calientes', '', 1),
(20, 'Sandwiches', '', 1),
(21, 'Pastas', '', 1),
(22, 'Adicionales', '', 1),
(23, 'Aperitivos', '', 1),
(24, 'Cocteles de la Casa', '', 1),
(25, 'Cocteles Clasicos', '', 1),
(26, 'Shots', '', 1),
(27, 'Bebidas', '', 1),
(28, 'Vinos y Licores', '', 1),
(29, 'Cerveza', '', 1),
(30, 'Combos', '', 1),
(31, 'Comida de mar', '', 1),
(32, 'Extras', '', 1),
(33, 'whisky', '', 1),
(34, 'Ginebra', '', 1),
(35, 'Vodka', '', 1),
(36, 'Tequila', '', 1),
(37, 'Champagne', '', 1),
(38, 'Aguardiente', '', 1),
(39, 'Ron', '', 1),
(40, 'Smooth', '', 1),
(42, 'Vinos', '', 1);

-- --------------------------------------------------------

--
-- Estructura de tabla para la tabla `detalle_ingreso`
--

CREATE TABLE `detalle_ingreso` (
  `iddetalle_ingreso` int(11) NOT NULL,
  `idingreso` int(11) NOT NULL,
  `idarticulo` int(11) NOT NULL,
  `cantidad` int(11) NOT NULL,
  `precio_compra` decimal(11,2) NOT NULL,
  `precio_venta` decimal(11,2) NOT NULL
) ENGINE=InnoDB DEFAULT CHARSET=utf8;

--
-- Volcado de datos para la tabla `detalle_ingreso`
--

INSERT INTO `detalle_ingreso` (`iddetalle_ingreso`, `idingreso`, `idarticulo`, `cantidad`, `precio_compra`, `precio_venta`) VALUES
(236, 45, 218, 7, '1963.00', '4000.00'),
(237, 45, 219, 8, '2026.00', '4500.00'),
(238, 45, 220, 1, '2046.00', '4000.00'),
(239, 45, 221, 21, '2160.00', '5000.00'),
(240, 45, 222, 13, '1650.00', '4000.00'),
(241, 45, 223, 0, '2046.00', '5000.00'),
(242, 45, 224, 13, '3281.00', '8000.00'),
(243, 45, 225, 0, '3667.00', '8000.00'),
(244, 45, 226, 0, '1958.00', '4000.00'),
(245, 45, 227, 1, '9000.00', '18000.00'),
(246, 45, 228, 17, '7500.00', '15000.00'),
(247, 45, 237, 1, '7500.00', '15000.00'),
(248, 45, 238, 6, '12000.00', '24000.00'),
(249, 45, 239, 12, '6000.00', '12000.00'),
(250, 45, 240, 5, '4500.00', '9000.00'),
(251, 46, 258, 5, '2160.00', '5000.00'),
(252, 47, 206, 103, '800.00', '3000.00'),
(253, 48, 257, 4, '1733.00', '3500.00'),
(254, 49, 224, 6, '3281.00', '8000.00'),
(255, 49, 237, 3, '7500.00', '15000.00'),
(256, 49, 228, 1, '7500.00', '15000.00'),
(274, 51, 84, 0, '1.00', '13500.00'),
(275, 52, 113, 0, '1.00', '4000.00'),
(276, 52, 114, 0, '1.00', '4000.00'),
(277, 52, 115, 0, '1.00', '4000.00'),
(278, 52, 116, 0, '1.00', '4000.00'),
(279, 52, 117, 0, '1.00', '4000.00'),
(280, 52, 118, 0, '1.00', '4000.00'),
(281, 52, 119, 0, '1.00', '4000.00'),
(282, 52, 121, 0, '1.00', '4000.00'),
(283, 52, 122, 0, '1.00', '4000.00'),
(284, 52, 123, 0, '1.00', '4000.00'),
(285, 52, 124, 0, '1.00', '4000.00'),
(286, 52, 125, 0, '1.00', '4000.00'),
(287, 52, 126, 0, '1.00', '4000.00'),
(288, 52, 127, 0, '1.00', '4000.00'),
(289, 52, 128, 0, '1.00', '4000.00'),
(290, 52, 129, 0, '1.00', '4000.00'),
(291, 52, 259, 0, '1.00', '4000.00'),
(292, 53, 68, 0, '1.00', '18000.00'),
(293, 54, 85, 0, '1.00', '17500.00'),
(294, 54, 86, 0, '1.00', '16500.00'),
(295, 54, 87, 0, '1.00', '18500.00'),
(296, 54, 88, 0, '1.00', '17500.00'),
(297, 54, 89, 0, '1.00', '21500.00'),
(298, 54, 90, 0, '1.00', '23500.00'),
(299, 54, 91, 0, '1.00', '23500.00'),
(300, 54, 92, 0, '1.00', '23500.00'),
(301, 54, 93, 0, '1.00', '25000.00'),
(302, 54, 94, 0, '1.00', '23000.00'),
(303, 54, 95, 0, '1.00', '27000.00'),
(304, 54, 96, 0, '1.00', '30000.00'),
(305, 54, 97, 0, '1.00', '28000.00'),
(306, 54, 99, 0, '1.00', '25500.00'),
(307, 54, 100, 0, '1.00', '31500.00'),
(308, 54, 98, 0, '1.00', '28000.00'),
(309, 55, 202, 0, '1.00', '6000.00'),
(310, 55, 203, 0, '1.00', '9500.00'),
(311, 55, 204, 0, '1.00', '3500.00'),
(312, 55, 205, 0, '1.00', '3500.00'),
(313, 55, 206, 0, '1.00', '3000.00'),
(314, 55, 207, 0, '1.00', '4000.00'),
(315, 56, 76, 0, '1.00', '16000.00'),
(316, 57, 84, 0, '1.00', '10000.00'),
(317, 57, 85, 0, '1.00', '14000.00'),
(318, 57, 86, 0, '1.00', '13000.00'),
(319, 57, 87, 0, '1.00', '15000.00'),
(320, 57, 88, 0, '1.00', '14000.00'),
(321, 57, 89, 0, '1.00', '18000.00'),
(322, 57, 90, 0, '1.00', '19900.00'),
(323, 57, 91, 0, '1.00', '19900.00'),
(324, 57, 92, 0, '1.00', '19900.00'),
(325, 57, 93, 0, '1.00', '21900.00'),
(326, 57, 94, 0, '1.00', '19900.00'),
(327, 57, 95, 0, '1.00', '23900.00'),
(328, 57, 96, 0, '1.00', '26900.00'),
(329, 57, 97, 0, '1.00', '25000.00'),
(330, 57, 98, 0, '1.00', '25000.00'),
(331, 57, 99, 0, '1.00', '22000.00'),
(332, 57, 100, 0, '1.00', '28000.00'),
(333, 58, 235, 1, '600.00', '1000.00'),
(334, 59, 79, 1, '1.00', '26000.00'),
(335, 60, 234, 100, '1.00', '3000.00'),
(336, 61, 45, 1, '1.00', '12000.00'),
(337, 61, 46, 1, '1.00', '14000.00'),
(338, 61, 47, 1, '1.00', '12000.00'),
(339, 61, 48, 1, '1.00', '14000.00'),
(340, 61, 49, 1, '1.00', '14000.00'),
(341, 61, 50, 1, '1.00', '12000.00'),
(342, 61, 68, 1, '1.00', '18000.00'),
(343, 61, 230, 1, '1.00', '12000.00'),
(344, 61, 232, 1, '1.00', '14000.00'),
(345, 62, 51, 1, '1.00', '22000.00'),
(346, 62, 52, 1, '1.00', '24000.00'),
(347, 62, 53, 1, '1.00', '20000.00'),
(348, 62, 54, 1, '1.00', '27000.00'),
(349, 63, 55, 1, '1.00', '19900.00'),
(350, 63, 56, 1, '1.00', '21900.00'),
(351, 63, 57, 1, '1.00', '23900.00'),
(352, 63, 58, 1, '1.00', '21900.00'),
(353, 63, 59, 1, '1.00', '21900.00'),
(354, 63, 60, 1, '1.00', '21900.00'),
(355, 63, 61, 1, '1.00', '21900.00'),
(356, 63, 62, 1, '1.00', '24900.00'),
(357, 63, 63, 1, '1.00', '22900.00'),
(358, 63, 64, 1, '1.00', '23900.00'),
(359, 63, 65, 1, '1.00', '24900.00'),
(360, 63, 66, 1, '1.00', '21900.00'),
(361, 64, 79, 1, '1.00', '24900.00'),
(362, 64, 80, 1, '1.00', '26000.00'),
(363, 64, 81, 1, '1.00', '24900.00'),
(364, 64, 82, 1, '1.00', '26000.00'),
(365, 64, 83, 1, '1.00', '30000.00'),
(366, 65, 77, 1, '1.00', '17000.00'),
(367, 65, 78, 1, '1.00', '26000.00'),
(368, 66, 70, 1, '1.00', '28000.00'),
(369, 66, 69, 1, '1.00', '58000.00'),
(370, 66, 75, 1, '1.00', '22000.00'),
(371, 66, 71, 1, '1.00', '40000.00'),
(372, 66, 73, 1, '1.00', '12000.00'),
(373, 66, 72, 1, '1.00', '18000.00'),
(374, 66, 76, 1, '1.00', '16000.00'),
(375, 66, 74, 1, '1.00', '26000.00'),
(376, 67, 235, 134, '400.00', '600.00'),
(377, 67, 260, 48, '400.00', '600.00'),
(378, 68, 101, 1, '1.00', '13000.00'),
(379, 68, 102, 1, '1.00', '15000.00'),
(380, 68, 103, 1, '1.00', '14000.00'),
(381, 68, 104, 1, '1.00', '25000.00'),
(382, 68, 105, 1, '1.00', '29900.00'),
(383, 69, 106, 1, '1.00', '10000.00'),
(384, 69, 107, 1, '1.00', '10000.00'),
(385, 69, 108, 1, '1.00', '10000.00'),
(386, 70, 109, 1, '1.00', '19000.00'),
(387, 70, 110, 1, '1.00', '22000.00'),
(388, 70, 111, 1, '1.00', '35000.00'),
(389, 70, 112, 1, '1.00', '30000.00'),
(390, 71, 138, 1, '1.00', '9000.00'),
(391, 71, 139, 1, '1.00', '9000.00'),
(392, 71, 140, 1, '1.00', '9000.00'),
(393, 71, 141, 1, '1.00', '10000.00'),
(394, 71, 142, 1, '1.00', '11000.00'),
(395, 72, 26, 1, '1.00', '30000.00'),
(396, 72, 27, 1, '1.00', '35000.00'),
(397, 72, 29, 1, '1.00', '39900.00'),
(398, 72, 30, 1, '1.00', '42000.00'),
(399, 72, 34, 1, '1.00', '32000.00'),
(400, 72, 67, 1, '1.00', '25000.00'),
(401, 72, 233, 1, '1.00', '25000.00'),
(402, 73, 130, 1, '1.00', '8000.00'),
(403, 73, 131, 1, '1.00', '9000.00'),
(404, 73, 132, 1, '1.00', '14000.00'),
(405, 73, 133, 1, '1.00', '10000.00'),
(406, 73, 134, 1, '1.00', '12000.00'),
(407, 73, 136, 1, '1.00', '14000.00'),
(408, 73, 135, 1, '1.00', '9000.00'),
(409, 73, 143, 1, '1.00', '1000.00'),
(410, 73, 144, 1, '1.00', '4000.00'),
(411, 73, 145, 1, '1.00', '4000.00'),
(412, 73, 146, 1, '1.00', '4000.00'),
(413, 73, 147, 1, '1.00', '4000.00'),
(414, 73, 148, 1, '1.00', '4000.00'),
(415, 73, 149, 1, '1.00', '5000.00'),
(416, 73, 150, 1, '1.00', '5000.00'),
(417, 73, 151, 1, '1.00', '9900.00'),
(418, 73, 137, 1, '1.00', '9000.00'),
(419, 73, 247, 1, '1.00', '9000.00'),
(420, 73, 248, 1, '1.00', '9000.00'),
(421, 73, 249, 1, '1.00', '9000.00'),
(422, 73, 250, 1, '1.00', '9000.00'),
(423, 73, 251, 1, '1.00', '9000.00'),
(424, 74, 152, 1, '1.00', '21000.00'),
(425, 74, 153, 1, '1.00', '21000.00'),
(426, 74, 154, 1, '1.00', '21000.00'),
(427, 74, 155, 1, '1.00', '26900.00'),
(428, 74, 156, 1, '1.00', '22000.00'),
(429, 74, 157, 1, '1.00', '21000.00'),
(430, 74, 158, 1, '1.00', '22900.00'),
(431, 74, 159, 1, '1.00', '21000.00'),
(432, 74, 160, 1, '1.00', '20900.00'),
(433, 74, 161, 1, '1.00', '22000.00'),
(434, 74, 162, 1, '1.00', '22000.00'),
(435, 74, 236, 1, '1.00', '29000.00'),
(436, 74, 163, 1, '1.00', '37000.00'),
(437, 74, 164, 1, '1.00', '32000.00'),
(438, 75, 165, 1, '1.00', '19900.00'),
(439, 75, 166, 1, '1.00', '19900.00'),
(440, 75, 167, 1, '1.00', '19900.00'),
(441, 75, 168, 1, '1.00', '19900.00'),
(442, 75, 169, 1, '1.00', '19900.00'),
(443, 75, 170, 1, '1.00', '19900.00'),
(444, 75, 171, 1, '1.00', '19900.00'),
(445, 75, 172, 1, '1.00', '19900.00'),
(446, 75, 173, 1, '1.00', '19900.00'),
(447, 75, 174, 1, '1.00', '19900.00'),
(448, 75, 175, 1, '1.00', '19900.00'),
(449, 75, 176, 1, '1.00', '19900.00'),
(450, 75, 177, 1, '1.00', '19900.00'),
(451, 75, 178, 1, '1.00', '19900.00'),
(452, 75, 179, 1, '1.00', '19900.00'),
(453, 75, 180, 1, '1.00', '19900.00'),
(454, 75, 181, 1, '1.00', '19900.00'),
(455, 75, 182, 1, '1.00', '19900.00'),
(456, 75, 183, 1, '1.00', '19900.00'),
(457, 75, 184, 1, '1.00', '19900.00'),
(458, 75, 185, 1, '1.00', '19900.00'),
(459, 75, 186, 1, '1.00', '19900.00'),
(460, 75, 187, 1, '1.00', '19900.00'),
(461, 75, 188, 1, '1.00', '19900.00'),
(462, 75, 189, 1, '1.00', '19900.00'),
(463, 75, 190, 1, '1.00', '19900.00'),
(464, 75, 191, 1, '1.00', '19900.00'),
(465, 76, 192, 1, '1.00', '14000.00'),
(466, 76, 193, 1, '1.00', '14000.00'),
(467, 76, 194, 1, '1.00', '14000.00'),
(468, 76, 195, 1, '1.00', '14000.00'),
(469, 76, 196, 1, '1.00', '14000.00'),
(470, 76, 197, 1, '1.00', '14000.00'),
(471, 76, 198, 1, '1.00', '14000.00'),
(472, 76, 199, 1, '1.00', '14000.00'),
(473, 76, 200, 1, '1.00', '14000.00'),
(474, 76, 201, 1, '1.00', '15000.00'),
(475, 77, 208, 1, '1.00', '10000.00'),
(476, 77, 209, 1, '1.00', '90000.00'),
(477, 77, 210, 1, '1.00', '90000.00'),
(478, 77, 211, 1, '1.00', '90000.00'),
(479, 77, 212, 1, '1.00', '80000.00'),
(480, 78, 261, 0, '1.00', '190000.00'),
(481, 78, 262, 0, '1.00', '200000.00'),
(482, 78, 263, 0, '1.00', '280000.00'),
(483, 78, 264, 0, '1.00', '120000.00'),
(484, 78, 265, 0, '1.00', '95000.00'),
(485, 78, 266, 0, '1.00', '90000.00'),
(486, 78, 267, 0, '1.00', '195000.00'),
(487, 78, 268, 0, '1.00', '195000.00'),
(488, 78, 269, 0, '1.00', '120000.00'),
(489, 79, 242, 1, '1.00', '10000.00'),
(490, 79, 243, 1, '1.00', '10000.00'),
(491, 79, 244, 1, '1.00', '10000.00'),
(492, 79, 245, 1, '1.00', '10000.00'),
(493, 79, 246, 1, '1.00', '10000.00'),
(494, 80, 229, 1, '1.00', '30000.00'),
(495, 81, 252, 1, '1.00', '12000.00'),
(496, 81, 253, 1, '1.00', '12000.00'),
(497, 81, 254, 1, '1.00', '12000.00'),
(498, 81, 255, 1, '1.00', '12000.00'),
(499, 81, 256, 1, '1.00', '12000.00'),
(500, 82, 260, 8, '600.00', '600.00'),
(501, 83, 270, 1, '1.00', '110000.00'),
(502, 83, 271, 1, '1.00', '130000.00'),
(503, 84, 272, 0, '1.00', '156000.00'),
(504, 84, 273, 0, '1.00', '144000.00'),
(505, 84, 213, 0, '1.00', '94000.00'),
(506, 84, 214, 0, '1.00', '103000.00'),
(507, 84, 270, 0, '1.00', '103000.00'),
(508, 84, 271, 0, '1.00', '118000.00'),
(509, 84, 277, 1, '1.00', '94000.00'),
(510, 84, 278, 0, '1.00', '20000.00'),
(511, 84, 279, 0, '1.00', '25000.00'),
(512, 84, 280, 0, '1.00', '60000.00'),
(513, 84, 281, 0, '1.00', '60000.00'),
(514, 84, 282, 0, '1.00', '80000.00'),
(515, 84, 283, 0, '1.00', '80000.00'),
(516, 84, 284, 0, '1.00', '85000.00'),
(517, 84, 285, 0, '1.00', '95000.00'),
(518, 85, 286, 1, '1.00', '10000.00');

--
-- Disparadores `detalle_ingreso`
--
DELIMITER $$
CREATE TRIGGER `tr_updStockIngreso` AFTER INSERT ON `detalle_ingreso` FOR EACH ROW BEGIN
UPDATE articulo SET stock=stock + NEW.cantidad
WHERE articulo.idarticulo = NEW.idarticulo;
END
$$
DELIMITER ;

-- --------------------------------------------------------

--
-- Estructura de tabla para la tabla `detalle_ingreso_ingrediente`
--

CREATE TABLE `detalle_ingreso_ingrediente` (
  `iddetalle_ingreso_ingrediente` int(11) NOT NULL,
  `idingreso_ingrediente` int(11) NOT NULL,
  `idingrediente` int(11) NOT NULL,
  `cantidad` int(11) NOT NULL,
  `precio_compra` decimal(11,2) NOT NULL,
  `precio_venta` decimal(11,2) NOT NULL
) ENGINE=InnoDB DEFAULT CHARSET=utf8;

--
-- Volcado de datos para la tabla `detalle_ingreso_ingrediente`
--

INSERT INTO `detalle_ingreso_ingrediente` (`iddetalle_ingreso_ingrediente`, `idingreso_ingrediente`, `idingrediente`, `cantidad`, `precio_compra`, `precio_venta`) VALUES
(24, 13, 57, 23, '586.00', '1.00'),
(25, 13, 39, 6, '2553.00', '1.00'),
(26, 13, 42, 17, '1601.00', '1.00'),
(27, 13, 36, 51, '813.00', '1.00'),
(28, 13, 38, 65, '337.00', '1.00'),
(29, 13, 32, 23, '4930.00', '1.00'),
(30, 13, 37, 77, '405.00', '1.00'),
(31, 13, 44, 7, '3000.00', '1.00'),
(32, 13, 34, 2, '6230.00', '1.00'),
(33, 13, 40, 17, '2400.00', '1.00'),
(34, 14, 67, 5, '1575.00', '1.00'),
(35, 15, 54, 93, '387.00', '1.00'),
(36, 16, 52, 22, '140.00', '1.00'),
(37, 16, 61, 13, '450.00', '1.00'),
(38, 16, 53, 18, '486.00', '1.00'),
(39, 17, 31, 2, '5535.00', '1.00'),
(40, 18, 108, 10, '100.00', '1.00'),
(41, 19, 57, 1, '1.00', '4000.00');

--
-- Disparadores `detalle_ingreso_ingrediente`
--
DELIMITER $$
CREATE TRIGGER `tr_updStockIngresoIngrediente` AFTER INSERT ON `detalle_ingreso_ingrediente` FOR EACH ROW BEGIN
UPDATE ingrediente SET stock=stock + NEW.cantidad
WHERE ingrediente.idingrediente = NEW.idingrediente;
END
$$
DELIMITER ;

-- --------------------------------------------------------

--
-- Estructura de tabla para la tabla `detalle_venta`
--

CREATE TABLE `detalle_venta` (
  `iddetalle_venta` int(11) NOT NULL,
  `idventa` int(11) NOT NULL,
  `idarticulo` int(11) NOT NULL,
  `cantidad` int(11) NOT NULL,
  `precio_venta` decimal(11,2) NOT NULL,
  `descuento` decimal(11,2) NOT NULL,
  `ing1` int(11) NOT NULL,
  `cant1` int(11) NOT NULL,
  `ing2` int(11) NOT NULL,
  `cant2` int(11) NOT NULL,
  `ing3` int(11) NOT NULL,
  `cant3` int(11) NOT NULL,
  `ing4` int(11) NOT NULL,
  `cant4` int(11) NOT NULL,
  `ing5` int(11) NOT NULL,
  `cant5` int(11) NOT NULL,
  `ing6` int(11) NOT NULL,
  `cant6` int(11) NOT NULL,
  `ing7` int(11) NOT NULL,
  `cant7` int(11) NOT NULL
) ENGINE=InnoDB DEFAULT CHARSET=utf8;

--
-- Volcado de datos para la tabla `detalle_venta`
--

INSERT INTO `detalle_venta` (`iddetalle_venta`, `idventa`, `idarticulo`, `cantidad`, `precio_venta`, `descuento`, `ing1`, `cant1`, `ing2`, `cant2`, `ing3`, `cant3`, `ing4`, `cant4`, `ing5`, `cant5`, `ing6`, `cant6`, `ing7`, `cant7`) VALUES
(253, 147, 109, 1, '19000.00', '0.00', 0, 0, 0, 0, 0, 0, 0, 0, 0, 0, 0, 0, 0, 0),
(254, 147, 51, 1, '22000.00', '0.00', 32, 1, 57, 1, 22, 0, 22, 0, 22, 0, 0, 0, 0, 0),
(255, 147, 205, 1, '3500.00', '0.00', 0, 0, 0, 0, 0, 0, 0, 0, 0, 0, 0, 0, 0, 0),
(256, 147, 207, 1, '4000.00', '0.00', 0, 0, 0, 0, 0, 0, 0, 0, 0, 0, 0, 0, 0, 0),
(267, 151, 144, 1, '4000.00', '0.00', 0, 0, 0, 0, 0, 0, 0, 0, 0, 0, 0, 0, 0, 0),
(268, 151, 224, 1, '8000.00', '0.00', 0, 0, 0, 0, 0, 0, 0, 0, 0, 0, 0, 0, 0, 0),
(269, 151, 221, 1, '5000.00', '0.00', 0, 0, 0, 0, 0, 0, 0, 0, 0, 0, 0, 0, 0, 0),
(270, 151, 221, 1, '5000.00', '0.00', 0, 0, 0, 0, 0, 0, 0, 0, 0, 0, 0, 0, 0, 0),
(271, 151, 224, 1, '8000.00', '0.00', 0, 0, 0, 0, 0, 0, 0, 0, 0, 0, 0, 0, 0, 0),
(272, 151, 232, 1, '14000.00', '0.00', 33, 1, 57, 1, 22, 0, 22, 0, 22, 0, 0, 0, 0, 0),
(273, 151, 81, 1, '24900.00', '0.00', 34, 1, 35, 1, 57, 1, 22, 0, 22, 0, 0, 0, 0, 0),
(274, 151, 77, 1, '17000.00', '0.00', 39, 1, 57, 1, 22, 0, 22, 0, 22, 0, 0, 0, 0, 0),
(275, 151, 84, 1, '10000.00', '0.00', 0, 0, 0, 0, 0, 0, 0, 0, 0, 0, 0, 0, 0, 0),
(276, 151, 117, 1, '4000.00', '0.00', 0, 0, 0, 0, 0, 0, 0, 0, 0, 0, 0, 0, 0, 0),
(277, 151, 84, 1, '10000.00', '0.00', 0, 0, 0, 0, 0, 0, 0, 0, 0, 0, 0, 0, 0, 0),
(278, 151, 235, 1, '1000.00', '0.00', 22, 0, 22, 0, 22, 0, 22, 0, 22, 0, 22, 0, 22, 0),
(279, 151, 221, 1, '5000.00', '0.00', 0, 0, 0, 0, 0, 0, 0, 0, 0, 0, 0, 0, 0, 0),
(280, 151, 75, 1, '22000.00', '0.00', 44, 1, 67, 1, 55, 1, 57, 1, 59, 1, 0, 0, 0, 0),
(281, 151, 218, 1, '4000.00', '0.00', 0, 0, 0, 0, 0, 0, 0, 0, 0, 0, 0, 0, 0, 0),
(282, 151, 220, 1, '4000.00', '0.00', 0, 0, 0, 0, 0, 0, 0, 0, 0, 0, 0, 0, 0, 0),
(283, 152, 186, 1, '19900.00', '0.00', 0, 0, 0, 0, 0, 0, 0, 0, 0, 0, 0, 0, 0, 0),
(284, 152, 186, 1, '19900.00', '0.00', 0, 0, 0, 0, 0, 0, 0, 0, 0, 0, 0, 0, 0, 0),
(285, 147, 88, 1, '14000.00', '0.00', 0, 0, 0, 0, 0, 0, 0, 0, 0, 0, 0, 0, 0, 0),
(286, 147, 97, 1, '25000.00', '0.00', 40, 1, 54, 1, 42, 1, 53, 1, 22, 0, 0, 0, 0, 0),
(287, 147, 117, 1, '4000.00', '0.00', 0, 0, 0, 0, 0, 0, 0, 0, 0, 0, 0, 0, 0, 0),
(288, 147, 117, 1, '4000.00', '0.00', 0, 0, 0, 0, 0, 0, 0, 0, 0, 0, 0, 0, 0, 0),
(289, 147, 143, 1, '1000.00', '0.00', 0, 0, 0, 0, 0, 0, 0, 0, 0, 0, 0, 0, 0, 0),
(290, 147, 220, 1, '4000.00', '0.00', 0, 0, 0, 0, 0, 0, 0, 0, 0, 0, 0, 0, 0, 0),
(291, 147, 237, 1, '15000.00', '0.00', 22, 0, 22, 0, 22, 0, 22, 0, 22, 0, 22, 0, 22, 0),
(292, 153, 113, 1, '4000.00', '0.00', 0, 0, 0, 0, 0, 0, 0, 0, 0, 0, 0, 0, 0, 0),
(293, 154, 88, 1, '14000.00', '0.00', 0, 0, 0, 0, 0, 0, 0, 0, 0, 0, 0, 0, 0, 0),
(294, 154, 97, 1, '25000.00', '0.00', 40, 1, 54, 1, 42, 1, 53, 1, 22, 0, 0, 0, 0, 0),
(295, 154, 117, 1, '4000.00', '0.00', 0, 0, 0, 0, 0, 0, 0, 0, 0, 0, 0, 0, 0, 0),
(296, 154, 117, 1, '4000.00', '0.00', 0, 0, 0, 0, 0, 0, 0, 0, 0, 0, 0, 0, 0, 0),
(297, 154, 143, 1, '1000.00', '0.00', 0, 0, 0, 0, 0, 0, 0, 0, 0, 0, 0, 0, 0, 0),
(298, 154, 220, 1, '4000.00', '0.00', 0, 0, 0, 0, 0, 0, 0, 0, 0, 0, 0, 0, 0, 0),
(299, 154, 237, 1, '15000.00', '0.00', 22, 0, 22, 0, 22, 0, 22, 0, 22, 0, 22, 0, 22, 0),
(300, 155, 75, 1, '22000.00', '0.00', 44, 1, 67, 1, 55, 1, 57, 1, 59, 1, 0, 0, 0, 0),
(301, 155, 218, 1, '4000.00', '0.00', 0, 0, 0, 0, 0, 0, 0, 0, 0, 0, 0, 0, 0, 0),
(302, 155, 220, 1, '4000.00', '0.00', 0, 0, 0, 0, 0, 0, 0, 0, 0, 0, 0, 0, 0, 0),
(303, 156, 144, 1, '4000.00', '0.00', 0, 0, 0, 0, 0, 0, 0, 0, 0, 0, 0, 0, 0, 0),
(304, 156, 224, 1, '8000.00', '0.00', 0, 0, 0, 0, 0, 0, 0, 0, 0, 0, 0, 0, 0, 0),
(305, 156, 221, 1, '5000.00', '0.00', 0, 0, 0, 0, 0, 0, 0, 0, 0, 0, 0, 0, 0, 0),
(306, 156, 221, 1, '5000.00', '0.00', 0, 0, 0, 0, 0, 0, 0, 0, 0, 0, 0, 0, 0, 0),
(307, 156, 224, 1, '8000.00', '0.00', 0, 0, 0, 0, 0, 0, 0, 0, 0, 0, 0, 0, 0, 0),
(308, 156, 232, 1, '14000.00', '0.00', 33, 1, 57, 1, 22, 0, 22, 0, 22, 0, 0, 0, 0, 0),
(309, 156, 81, 1, '24900.00', '0.00', 34, 1, 35, 1, 57, 1, 22, 0, 22, 0, 0, 0, 0, 0),
(310, 156, 77, 1, '17000.00', '0.00', 39, 1, 57, 1, 22, 0, 22, 0, 22, 0, 0, 0, 0, 0),
(311, 156, 84, 1, '10000.00', '0.00', 0, 0, 0, 0, 0, 0, 0, 0, 0, 0, 0, 0, 0, 0),
(312, 156, 117, 1, '4000.00', '0.00', 0, 0, 0, 0, 0, 0, 0, 0, 0, 0, 0, 0, 0, 0),
(313, 156, 84, 1, '10000.00', '0.00', 0, 0, 0, 0, 0, 0, 0, 0, 0, 0, 0, 0, 0, 0),
(314, 156, 235, 1, '1000.00', '0.00', 22, 0, 22, 0, 22, 0, 22, 0, 22, 0, 22, 0, 22, 0),
(315, 156, 221, 1, '5000.00', '0.00', 0, 0, 0, 0, 0, 0, 0, 0, 0, 0, 0, 0, 0, 0),
(316, 156, 218, 1, '4000.00', '0.00', 0, 0, 0, 0, 0, 0, 0, 0, 0, 0, 0, 0, 0, 0),
(317, 156, 224, 1, '8000.00', '0.00', 0, 0, 0, 0, 0, 0, 0, 0, 0, 0, 0, 0, 0, 0),
(318, 156, 88, 1, '14000.00', '0.00', 0, 0, 0, 0, 0, 0, 0, 0, 0, 0, 0, 0, 0, 0),
(319, 156, 221, 1, '5000.00', '0.00', 0, 0, 0, 0, 0, 0, 0, 0, 0, 0, 0, 0, 0, 0),
(320, 156, 221, 1, '5000.00', '0.00', 0, 0, 0, 0, 0, 0, 0, 0, 0, 0, 0, 0, 0, 0),
(321, 155, 218, 1, '4000.00', '0.00', 0, 0, 0, 0, 0, 0, 0, 0, 0, 0, 0, 0, 0, 0),
(322, 155, 220, 1, '4000.00', '0.00', 0, 0, 0, 0, 0, 0, 0, 0, 0, 0, 0, 0, 0, 0),
(323, 155, 220, 1, '4000.00', '0.00', 0, 0, 0, 0, 0, 0, 0, 0, 0, 0, 0, 0, 0, 0),
(324, 154, 237, 1, '15000.00', '0.00', 22, 0, 22, 0, 22, 0, 22, 0, 22, 0, 22, 0, 22, 0),
(325, 157, 76, 1, '16000.00', '0.00', 44, 1, 67, 1, 57, 1, 53, 1, 58, 1, 0, 0, 0, 0),
(326, 157, 84, 1, '10000.00', '0.00', 0, 0, 0, 0, 0, 0, 0, 0, 0, 0, 0, 0, 0, 0),
(327, 157, 117, 1, '4000.00', '0.00', 0, 0, 0, 0, 0, 0, 0, 0, 0, 0, 0, 0, 0, 0),
(328, 157, 77, 1, '17000.00', '0.00', 39, 1, 57, 1, 22, 0, 22, 0, 22, 0, 0, 0, 0, 0),
(329, 157, 73, 1, '12000.00', '0.00', 60, 2, 57, 1, 59, 1, 22, 0, 22, 0, 0, 0, 0, 0),
(330, 157, 201, 1, '14000.00', '0.00', 0, 0, 0, 0, 0, 0, 0, 0, 0, 0, 0, 0, 0, 0),
(331, 157, 220, 1, '4000.00', '0.00', 0, 0, 0, 0, 0, 0, 0, 0, 0, 0, 0, 0, 0, 0),
(332, 157, 220, 1, '4000.00', '0.00', 0, 0, 0, 0, 0, 0, 0, 0, 0, 0, 0, 0, 0, 0),
(333, 157, 144, 1, '4000.00', '0.00', 0, 0, 0, 0, 0, 0, 0, 0, 0, 0, 0, 0, 0, 0),
(334, 156, 218, 1, '4000.00', '0.00', 0, 0, 0, 0, 0, 0, 0, 0, 0, 0, 0, 0, 0, 0),
(335, 156, 205, 1, '3500.00', '0.00', 0, 0, 0, 0, 0, 0, 0, 0, 0, 0, 0, 0, 0, 0),
(336, 156, 221, 1, '5000.00', '0.00', 0, 0, 0, 0, 0, 0, 0, 0, 0, 0, 0, 0, 0, 0),
(337, 156, 221, 1, '5000.00', '0.00', 0, 0, 0, 0, 0, 0, 0, 0, 0, 0, 0, 0, 0, 0),
(338, 156, 224, 1, '8000.00', '0.00', 0, 0, 0, 0, 0, 0, 0, 0, 0, 0, 0, 0, 0, 0),
(339, 156, 224, 1, '8000.00', '0.00', 0, 0, 0, 0, 0, 0, 0, 0, 0, 0, 0, 0, 0, 0),
(340, 158, 84, 1, '10000.00', '0.00', 0, 0, 0, 0, 0, 0, 0, 0, 0, 0, 0, 0, 0, 0),
(341, 158, 117, 1, '4000.00', '0.00', 0, 0, 0, 0, 0, 0, 0, 0, 0, 0, 0, 0, 0, 0),
(342, 158, 235, 1, '1000.00', '0.00', 22, 0, 22, 0, 22, 0, 22, 0, 22, 0, 22, 0, 22, 0),
(343, 147, 117, 1, '4000.00', '0.00', 0, 0, 0, 0, 0, 0, 0, 0, 0, 0, 0, 0, 0, 0),
(344, 159, 88, 1, '14000.00', '0.00', 0, 0, 0, 0, 0, 0, 0, 0, 0, 0, 0, 0, 0, 0),
(345, 159, 88, 1, '14000.00', '0.00', 0, 0, 0, 0, 0, 0, 0, 0, 0, 0, 0, 0, 0, 0),
(346, 159, 86, 1, '13000.00', '0.00', 0, 0, 0, 0, 0, 0, 0, 0, 0, 0, 0, 0, 0, 0),
(347, 159, 117, 1, '4000.00', '0.00', 0, 0, 0, 0, 0, 0, 0, 0, 0, 0, 0, 0, 0, 0),
(348, 159, 202, 1, '6000.00', '0.00', 0, 0, 0, 0, 0, 0, 0, 0, 0, 0, 0, 0, 0, 0),
(349, 159, 117, 1, '4000.00', '0.00', 0, 0, 0, 0, 0, 0, 0, 0, 0, 0, 0, 0, 0, 0),
(350, 159, 117, 1, '4000.00', '0.00', 0, 0, 0, 0, 0, 0, 0, 0, 0, 0, 0, 0, 0, 0),
(351, 160, 163, 1, '37000.00', '0.00', 23, 1, 94, 1, 71, 1, 68, 1, 74, 1, 91, 3, 95, 3),
(352, 160, 84, 1, '10000.00', '0.00', 0, 0, 0, 0, 0, 0, 0, 0, 0, 0, 0, 0, 0, 0),
(353, 160, 81, 1, '24900.00', '0.00', 34, 1, 35, 1, 57, 1, 22, 0, 22, 0, 0, 0, 0, 0),
(354, 160, 221, 1, '5000.00', '0.00', 0, 0, 0, 0, 0, 0, 0, 0, 0, 0, 0, 0, 0, 0),
(355, 160, 221, 1, '5000.00', '0.00', 0, 0, 0, 0, 0, 0, 0, 0, 0, 0, 0, 0, 0, 0),
(356, 160, 109, 1, '19000.00', '0.00', 66, 1, 53, 2, 56, 1, 22, 0, 22, 0, 58, 0, 42, 0),
(357, 161, 80, 1, '26000.00', '0.00', 33, 1, 35, 1, 57, 1, 22, 0, 22, 0, 0, 0, 0, 0),
(358, 161, 57, 1, '23900.00', '0.00', 33, 1, 57, 1, 58, 1, 53, 1, 54, 2, 0, 0, 0, 0),
(359, 161, 68, 1, '12000.00', '0.00', 33, 1, 56, 1, 53, 2, 22, 0, 22, 0, 22, 0, 22, 0),
(360, 161, 161, 1, '22000.00', '0.00', 76, 1, 93, 1, 72, 1, 24, 1, 25, 1, 91, 0, 95, 0),
(361, 161, 139, 1, '9000.00', '0.00', 91, 1, 24, 1, 92, 1, 22, 0, 22, 0, 22, 0, 22, 0),
(362, 161, 143, 1, '1000.00', '0.00', 0, 0, 0, 0, 0, 0, 0, 0, 0, 0, 0, 0, 0, 0),
(363, 161, 219, 1, '4500.00', '0.00', 0, 0, 0, 0, 0, 0, 0, 0, 0, 0, 0, 0, 0, 0),
(364, 162, 86, 1, '13000.00', '0.00', 0, 0, 0, 0, 0, 0, 0, 0, 0, 0, 0, 0, 0, 0),
(365, 162, 117, 1, '4000.00', '0.00', 0, 0, 0, 0, 0, 0, 0, 0, 0, 0, 0, 0, 0, 0),
(366, 162, 51, 1, '22000.00', '0.00', 32, 1, 57, 1, 22, 0, 22, 0, 22, 0, 0, 0, 0, 0),
(367, 162, 137, 1, '9000.00', '0.00', 76, 1, 24, 1, 22, 0, 22, 0, 22, 0, 22, 0, 22, 0),
(368, 162, 137, 1, '9000.00', '0.00', 76, 1, 24, 1, 22, 0, 22, 0, 22, 0, 22, 0, 22, 0),
(369, 163, 101, 1, '13000.00', '0.00', 63, 1, 60, 1, 22, 1, 52, 1, 54, 1, 22, 0, 22, 0),
(370, 163, 84, 1, '10000.00', '0.00', 0, 0, 0, 0, 0, 0, 0, 0, 0, 0, 0, 0, 0, 0),
(371, 163, 165, 1, '19900.00', '0.00', 68, 1, 69, 1, 91, 1, 88, 1, 22, 0, 22, 0, 22, 0),
(372, 163, 55, 1, '19900.00', '0.00', 33, 1, 57, 1, 22, 0, 22, 0, 22, 0, 0, 0, 0, 0),
(373, 163, 137, 1, '9000.00', '0.00', 76, 1, 24, 1, 22, 0, 22, 0, 22, 0, 22, 0, 22, 0),
(374, 163, 159, 1, '21000.00', '0.00', 23, 1, 24, 1, 25, 1, 80, 1, 22, 0, 22, 0, 22, 0),
(375, 164, 83, 1, '30000.00', '0.00', 34, 1, 33, 1, 35, 1, 57, 1, 22, 0, 0, 0, 0, 0),
(376, 164, 235, 1, '1000.00', '0.00', 22, 0, 22, 0, 22, 0, 22, 0, 22, 0, 22, 0, 22, 0),
(377, 165, 51, 1, '22000.00', '0.00', 32, 1, 57, 1, 22, 0, 22, 0, 22, 0, 0, 0, 0, 0),
(378, 165, 133, 1, '10000.00', '0.00', 76, 1, 99, 1, 25, 1, 24, 1, 22, 0, 22, 0, 22, 0),
(379, 165, 70, 1, '28000.00', '0.00', 44, 1, 67, 1, 45, 1, 55, 1, 37, 1, 0, 0, 0, 0),
(380, 165, 148, 1, '4000.00', '0.00', 91, 1, 90, 1, 22, 0, 22, 0, 22, 0, 22, 0, 22, 0),
(381, 165, 220, 1, '4000.00', '0.00', 0, 0, 0, 0, 0, 0, 0, 0, 0, 0, 0, 0, 0, 0),
(382, 166, 163, 1, '37000.00', '0.00', 23, 1, 94, 1, 71, 1, 68, 1, 74, 1, 91, 3, 95, 3),
(383, 165, 235, 1, '1000.00', '0.00', 22, 0, 22, 0, 22, 0, 22, 0, 22, 0, 22, 0, 22, 0),
(384, 166, 163, 1, '37000.00', '0.00', 23, 1, 94, 1, 71, 1, 68, 1, 74, 1, 91, 3, 95, 3),
(385, 166, 45, 1, '12000.00', '0.00', 57, 2, 53, 1, 54, 2, 22, 0, 22, 0, 0, 0, 0, 0),
(386, 166, 113, 1, '4000.00', '0.00', 0, 0, 0, 0, 0, 0, 0, 0, 0, 0, 0, 0, 0, 0),
(387, 167, 109, 1, '19000.00', '0.00', 66, 1, 53, 2, 56, 1, 22, 0, 22, 0, 58, 0, 42, 0),
(388, 167, 224, 1, '8000.00', '0.00', 0, 0, 0, 0, 0, 0, 0, 0, 0, 0, 0, 0, 0, 0),
(389, 167, 224, 1, '8000.00', '0.00', 0, 0, 0, 0, 0, 0, 0, 0, 0, 0, 0, 0, 0, 0),
(390, 166, 169, 1, '19900.00', '0.00', 23, 1, 81, 1, 92, 1, 24, 1, 91, 1, 22, 0, 22, 0),
(391, 166, 218, 1, '4000.00', '0.00', 0, 0, 0, 0, 0, 0, 0, 0, 0, 0, 0, 0, 0, 0),
(392, 166, 224, 1, '8000.00', '0.00', 0, 0, 0, 0, 0, 0, 0, 0, 0, 0, 0, 0, 0, 0),
(393, 168, 165, 1, '19900.00', '0.00', 68, 1, 69, 1, 91, 1, 88, 1, 22, 0, 22, 0, 22, 0),
(394, 168, 165, 1, '19900.00', '0.00', 68, 1, 69, 1, 91, 1, 88, 1, 22, 0, 22, 0, 22, 0),
(395, 169, 143, 1, '1000.00', '0.00', 0, 0, 0, 0, 0, 0, 0, 0, 0, 0, 0, 0, 0, 0),
(396, 169, 219, 1, '4500.00', '0.00', 0, 0, 0, 0, 0, 0, 0, 0, 0, 0, 0, 0, 0, 0),
(397, 169, 219, 1, '4500.00', '0.00', 0, 0, 0, 0, 0, 0, 0, 0, 0, 0, 0, 0, 0, 0),
(398, 169, 145, 1, '4000.00', '0.00', 0, 0, 0, 0, 0, 0, 0, 0, 0, 0, 0, 0, 0, 0),
(399, 166, 218, 1, '4000.00', '0.00', 0, 0, 0, 0, 0, 0, 0, 0, 0, 0, 0, 0, 0, 0),
(400, 166, 218, 1, '4000.00', '0.00', 0, 0, 0, 0, 0, 0, 0, 0, 0, 0, 0, 0, 0, 0),
(401, 166, 79, 1, '24900.00', '0.00', 34, 1, 33, 1, 57, 1, 22, 0, 22, 0, 0, 0, 0, 0),
(402, 166, 218, 1, '4000.00', '0.00', 0, 0, 0, 0, 0, 0, 0, 0, 0, 0, 0, 0, 0, 0),
(407, 171, 76, 1, '16000.00', '0.00', 44, 1, 67, 1, 57, 1, 53, 1, 58, 1, 0, 0, 0, 0),
(408, 171, 90, 1, '19900.00', '0.00', 0, 0, 0, 0, 0, 0, 0, 0, 0, 0, 0, 0, 0, 0),
(409, 171, 259, 1, '4000.00', '0.00', 22, 0, 22, 0, 22, 0, 22, 0, 22, 0, 22, 0, 22, 0),
(410, 171, 202, 1, '6000.00', '0.00', 0, 0, 0, 0, 0, 0, 0, 0, 0, 0, 0, 0, 0, 0),
(411, 172, 206, 1, '3000.00', '0.00', 0, 0, 0, 0, 0, 0, 0, 0, 0, 0, 0, 0, 0, 0),
(412, 172, 117, 1, '4000.00', '0.00', 0, 0, 0, 0, 0, 0, 0, 0, 0, 0, 0, 0, 0, 0),
(413, 172, 117, 1, '4000.00', '0.00', 0, 0, 0, 0, 0, 0, 0, 0, 0, 0, 0, 0, 0, 0),
(414, 173, 79, 1, '26000.00', '0.00', 34, 1, 33, 1, 57, 1, 22, 0, 22, 0, 0, 0, 0, 0),
(415, 173, 235, 1, '1000.00', '0.00', 22, 0, 22, 0, 22, 0, 22, 0, 22, 0, 22, 0, 22, 0),
(416, 173, 234, 1, '3000.00', '0.00', 22, 0, 22, 0, 22, 0, 22, 0, 22, 0, 22, 0, 22, 0),
(417, 174, 86, 1, '13000.00', '0.00', 0, 0, 0, 0, 0, 0, 0, 0, 0, 0, 0, 0, 0, 0),
(418, 174, 117, 1, '4000.00', '0.00', 57, 1, 22, 0, 22, 0, 22, 0, 22, 0, 22, 0, 22, 0),
(419, 174, 138, 1, '9000.00', '0.00', 91, 1, 24, 1, 22, 0, 22, 0, 22, 0, 22, 0, 22, 0),
(420, 174, 235, 1, '600.00', '0.00', 22, 0, 22, 0, 22, 0, 22, 0, 22, 0, 22, 0, 22, 0),
(421, 175, 51, 1, '22000.00', '0.00', 32, 1, 57, 1, 22, 0, 22, 0, 22, 0, 0, 0, 0, 0),
(422, 175, 76, 1, '16000.00', '0.00', 44, 1, 67, 1, 57, 1, 53, 1, 58, 1, 0, 0, 0, 0),
(423, 175, 286, 1, '10000.00', '0.00', 22, 0, 22, 0, 22, 0, 22, 0, 22, 0, 22, 0, 22, 0),
(424, 176, 70, 1, '28000.00', '0.00', 44, 1, 67, 1, 45, 1, 55, 1, 37, 1, 0, 0, 0, 0),
(425, 176, 235, 1, '600.00', '0.00', 22, 0, 22, 0, 22, 0, 22, 0, 22, 0, 22, 0, 22, 0),
(426, 176, 235, 1, '600.00', '0.00', 22, 0, 22, 0, 22, 0, 22, 0, 22, 0, 22, 0, 22, 0);

--
-- Disparadores `detalle_venta`
--
DELIMITER $$
CREATE TRIGGER `tr_udpStockIngrediente1` BEFORE INSERT ON `detalle_venta` FOR EACH ROW BEGIN
UPDATE ingrediente SET stock = stock - NEW.cant1
WHERE ingrediente.idingrediente = NEW.ing1;
END
$$
DELIMITER ;
DELIMITER $$
CREATE TRIGGER `tr_udpStockIngrediente2` BEFORE INSERT ON `detalle_venta` FOR EACH ROW BEGIN
UPDATE ingrediente SET stock = stock - NEW.cant2
WHERE ingrediente.idingrediente = NEW.ing2;
END
$$
DELIMITER ;
DELIMITER $$
CREATE TRIGGER `tr_udpStockIngrediente3` BEFORE INSERT ON `detalle_venta` FOR EACH ROW BEGIN
UPDATE ingrediente SET stock = stock - NEW.cant3
WHERE ingrediente.idingrediente = NEW.ing3;
END
$$
DELIMITER ;
DELIMITER $$
CREATE TRIGGER `tr_udpStockIngrediente4` BEFORE INSERT ON `detalle_venta` FOR EACH ROW BEGIN
UPDATE ingrediente SET stock = stock - NEW.cant4
WHERE ingrediente.idingrediente = NEW.ing4;
END
$$
DELIMITER ;
DELIMITER $$
CREATE TRIGGER `tr_udpStockIngrediente5` BEFORE INSERT ON `detalle_venta` FOR EACH ROW BEGIN
UPDATE ingrediente SET stock = stock - NEW.cant5
WHERE ingrediente.idingrediente = NEW.ing5;
END
$$
DELIMITER ;
DELIMITER $$
CREATE TRIGGER `tr_udpStockIngrediente6` BEFORE INSERT ON `detalle_venta` FOR EACH ROW BEGIN
UPDATE ingrediente SET stock = stock - NEW.cant6
WHERE ingrediente.idingrediente = NEW.ing6;
END
$$
DELIMITER ;
DELIMITER $$
CREATE TRIGGER `tr_udpStockIngrediente7` BEFORE INSERT ON `detalle_venta` FOR EACH ROW BEGIN
UPDATE ingrediente SET stock = stock - NEW.cant7
WHERE ingrediente.idingrediente = NEW.ing7;
END
$$
DELIMITER ;
DELIMITER $$
CREATE TRIGGER `tr_udpStockVenta` AFTER INSERT ON `detalle_venta` FOR EACH ROW BEGIN
UPDATE articulo SET stock = stock - NEW.cantidad
WHERE articulo.idarticulo = NEW.idarticulo;
END
$$
DELIMITER ;

-- --------------------------------------------------------

--
-- Estructura de tabla para la tabla `ingrediente`
--

CREATE TABLE `ingrediente` (
  `idingrediente` int(11) NOT NULL,
  `codigo` varchar(50) DEFAULT NULL,
  `nombre` varchar(100) NOT NULL,
  `stock` int(11) NOT NULL,
  `descripcion` varchar(256) DEFAULT NULL,
  `condicion` tinyint(4) DEFAULT 1
) ENGINE=InnoDB DEFAULT CHARSET=utf8;

--
-- Volcado de datos para la tabla `ingrediente`
--

INSERT INTO `ingrediente` (`idingrediente`, `codigo`, `nombre`, `stock`, `descripcion`, `condicion`) VALUES
(22, '345345435', 'porcion de piña', 0, '', 1),
(23, '45345345345', 'ron 1Oz', 0, '', 1),
(24, '434234', 'azucar 66gr', -1, '', 1),
(25, '546456464', 'leche en polvo 84gr', 0, '', 1),
(31, '65465342', 'Porción punta de anca', 2, '', 1),
(32, '002', 'Porción Churrasco', 30, '', 1),
(33, '0003', 'Porción Pechuga', 4, '', 1),
(34, '0003', 'Porción baby beef', 1, '', 1),
(35, '0004', 'Porción Costillas', 0, '', 1),
(36, '0005', 'Porción Morcilla', 51, '', 1),
(37, '0006', 'Porción de Ubre', 76, '', 1),
(38, '0007', 'Porción de Chunchurria', 65, '', 1),
(39, '0008', 'Porción de Alitas', 6, '', 1),
(40, '0009', 'Porción de Carne de hamburguesa', 17, '', 1),
(41, '0010', 'Porción de croqueta de pollo', 0, '', 1),
(42, '0011', 'Carne Desmechada', 17, '', 1),
(43, '0012', 'Pollo Desmechado', 0, '', 1),
(44, '0013', 'Picada de carne', 9, '', 1),
(45, '0014', 'Picada de cerdo', -1, '', 1),
(47, '0016', 'Porción lomo de cerdo', 0, '', 1),
(48, '0017', 'Porción de camarones', 0, '', 1),
(49, '00018', 'Porcion de casuela', 0, '', 1),
(50, '0019', 'Porcion de marinera', 0, '', 1),
(51, '0020', 'Porcion dedos mozarella', 0, '', 1),
(52, '0021', 'Jamon', 22, '', 1),
(53, '0022', 'Tocineta', 16, '', 1),
(54, '0023', 'Queso', 93, '', 1),
(55, '0024', 'Chorizo', 6, '', 1),
(56, '0025', 'Queso Parmesano', 0, '', 1),
(57, '0026', 'Papas francesa', 65, '', 1),
(58, '0027', 'Maiz tierno', 11, '', 1),
(59, '0028', 'Queso criollo', 0, '', 1),
(60, '0029', 'Salchicha', 19, '', 1),
(61, '0030', 'Queso chedar', 13, '', 1),
(62, '0031', 'Pan de hamburguesa', 17, '', 1),
(63, '0032', 'Pan de perro', 0, '', 1),
(64, '0033', 'Pan tajado', 0, '', 1),
(65, '0034', 'Pan de rotwailer', 4, '', 1),
(66, '0035', 'Fetuccini', 0, '', 1),
(67, '0037', 'Picada de pollo', 7, '', 1),
(68, '32544353453543', 'Tequila 1OZ', 0, '', 1),
(69, '34242454', 'Triple sec 1Oz', 0, '', 1),
(70, '2342234234234', 'Lulo 100Gr', 0, '', 1),
(71, '5665456465465', 'Vodka 1Oz', 0, '', 1),
(72, '453435345', 'Whiskey 1Oz', 0, '', 1),
(73, '32432423432', 'Vermut 1Oz', 0, '', 1),
(74, '45345345345', 'Curacao blue 1Oz', 0, '', 1),
(75, '543454564534', 'Amaretto 1Oz', 0, '', 1),
(76, '4534344234', 'Porción de fresas', 0, '', 1),
(77, '342423432424', 'Café instanteneo 33Gr', 0, '', 1),
(78, '2132131231312', 'Chantilly 150Gr', 0, '', 1),
(79, '34234324233', 'Zumo de limon 215Ml', 0, '', 0),
(80, '2342343242', 'Crema de coco 90Ml', 0, '', 1),
(81, '32423423423', 'Hierbabuena 50Gr', 0, '', 1),
(82, '56541564654', 'jugo de cereza', 0, '', 0),
(83, '4353453435454', 'Jugo de cereza 100Ml', 0, '', 1),
(84, '34234234324324', 'Mango 185Gr', 0, '', 1),
(85, '21342423432', 'Piazza 1Und', 0, '', 1),
(86, '2342342343242', 'Chocolate liquido 5Gr', 0, '', 1),
(87, '324234234243', 'Galleta oreo 1 Und', 0, '', 1),
(88, '324234234234234', 'Maracuya 100Gr', 0, '', 1),
(89, '3424234234', 'Caramelo 5gr', 0, '', 1),
(90, '432432432424', 'Brocheta de fruta 160Gr', 0, '', 1),
(91, '23423424', 'Zumo de limon 105Ml', -1, '', 1),
(92, '34234324234', 'Soda para preparar', 0, '', 1),
(93, '3242342343242', 'Crema de whiskey 1Oz', 0, '', 1),
(94, '564564645', 'Ginebra 1Oz', 0, '', 1),
(95, '665446546456', 'Jugo de naranja 100Ml', 0, '', 1),
(96, '4534534535', 'Licor de menta 1Oz', 0, '', 1),
(97, '3453434534435', 'Coca-cola para preparar', 0, '', 1),
(98, '673454545646', 'Brandy 1Oz', 0, '', 1),
(99, '3424234324', 'Helado de vainilla Porcion 100Gr', 0, '', 1),
(100, '3423423423423', 'brownie 1Und', 0, '', 1),
(101, '65465456456', 'Cacao en polvo 66Gr', 0, '', 1),
(102, '12561', 'Milo 66Gr', 0, '', 1),
(103, '041124', 'Trucha', 0, '', 1),
(104, '0321+320', 'banano porcion', 0, '', 1),
(105, '.0321320.0', 'Papaya porcion', 0, '', 1),
(106, '032101', 'Guanabana porcion', 0, '', 1),
(107, '0232413210324', 'Flor de jamaica', 0, '', 1),
(108, '54645645456', 'Tostadas', 10, '', 1),
(115, '434234', 'azucar 66gr', 0, '', 1),
(116, '434234', 'azucar 66gr', 0, '', 1),
(117, '434234', 'azucar 66gr', 0, '', 1),
(118, '434234', 'azucar 66gr', 0, '', 1),
(119, '434234', 'azucar 66gr', 2, '', 1),
(120, '434234', 'azucar 66gr', 0, '', 1);

-- --------------------------------------------------------

--
-- Estructura de tabla para la tabla `ingreso`
--

CREATE TABLE `ingreso` (
  `idingreso` int(11) NOT NULL,
  `idproveedor` int(11) NOT NULL,
  `idusuario` int(11) DEFAULT NULL,
  `tipo_comprobante` varchar(20) NOT NULL,
  `serie_comprobante` varchar(7) DEFAULT NULL,
  `num_comprobante` varchar(10) NOT NULL,
  `fecha_hora` datetime NOT NULL,
  `impuesto` decimal(4,2) NOT NULL,
  `total_compra` decimal(11,2) NOT NULL,
  `estado` varchar(20) NOT NULL
) ENGINE=InnoDB DEFAULT CHARSET=utf8;

--
-- Volcado de datos para la tabla `ingreso`
--

INSERT INTO `ingreso` (`idingreso`, `idproveedor`, `idusuario`, `tipo_comprobante`, `serie_comprobante`, `num_comprobante`, `fecha_hora`, `impuesto`, `total_compra`, `estado`) VALUES
(45, 2833, 1, '', '', '', '2021-10-03 00:00:00', '0.00', '451958.00', 'Aceptado'),
(46, 2833, 1, '', '', '', '2021-10-03 00:00:00', '0.00', '10800.00', 'Aceptado'),
(47, 2833, 1, '', '', '', '2021-10-03 00:00:00', '0.00', '82400.00', 'Aceptado'),
(48, 2833, 1, '', '', '', '2021-10-03 00:00:00', '0.00', '6932.00', 'Aceptado'),
(49, 2833, 1, '', '', '', '2021-10-03 00:00:00', '0.00', '49686.00', 'Aceptado'),
(51, 2833, 1, '', '', '', '2021-10-03 00:00:00', '0.00', '0.00', 'Aceptado'),
(52, 2833, 1, '', '', '', '2021-10-03 00:00:00', '0.00', '0.00', 'Aceptado'),
(53, 2833, 1, '', '', '', '2021-10-03 00:00:00', '0.00', '0.00', 'Aceptado'),
(54, 2833, 1, '', '', '', '2021-10-03 00:00:00', '0.00', '0.00', 'Aceptado'),
(55, 2833, 1, '', '', '', '2021-10-03 00:00:00', '0.00', '0.00', 'Aceptado'),
(56, 2833, 1, '', '', '', '2021-10-03 00:00:00', '0.00', '0.00', 'Aceptado'),
(57, 2833, 1, '', '', '', '2021-10-03 00:00:00', '0.00', '0.00', 'Aceptado'),
(58, 2833, 1, '', '', '', '2021-10-05 00:00:00', '0.00', '1000.00', 'Aceptado'),
(59, 2833, 1, '', '', '', '2021-10-05 00:00:00', '0.00', '1.00', 'Aceptado'),
(60, 2833, 1, '', '', '', '2021-10-05 00:00:00', '0.00', '100.00', 'Aceptado'),
(61, 2833, 1, '', '', '', '2021-10-05 00:00:00', '0.00', '9.00', 'Aceptado'),
(62, 2833, 1, '', '', '', '2021-10-05 00:00:00', '0.00', '4.00', 'Aceptado'),
(63, 2833, 1, '', '', '', '2021-10-05 00:00:00', '0.00', '12.00', 'Aceptado'),
(64, 2833, 1, '', '', '', '2021-10-05 00:00:00', '0.00', '5.00', 'Aceptado'),
(65, 2833, 1, '', '', '', '2021-10-05 00:00:00', '0.00', '2.00', 'Aceptado'),
(66, 2833, 1, '', '', '', '2021-10-05 00:00:00', '0.00', '8.00', 'Aceptado'),
(67, 2833, 1, '', '', '', '2021-10-05 00:00:00', '0.00', '72800.00', 'Aceptado'),
(68, 2833, 1, '', '', '', '2021-10-05 00:00:00', '0.00', '5.00', 'Aceptado'),
(69, 2833, 1, '', '', '', '2021-10-05 00:00:00', '0.00', '3.00', 'Aceptado'),
(70, 2833, 1, '', '', '', '2021-10-05 00:00:00', '0.00', '4.00', 'Aceptado'),
(71, 2833, 1, '', '', '', '2021-10-05 00:00:00', '0.00', '5.00', 'Aceptado'),
(72, 2833, 1, '', '', '', '2021-10-05 00:00:00', '0.00', '7.00', 'Aceptado'),
(73, 2833, 1, '', '', '', '2021-10-05 00:00:00', '0.00', '22.00', 'Aceptado'),
(74, 2833, 1, '', '', '', '2021-10-05 00:00:00', '0.00', '14.00', 'Aceptado'),
(75, 2833, 1, '', '', '', '2021-10-05 00:00:00', '0.00', '27.00', 'Aceptado'),
(76, 2833, 1, '', '', '', '2021-10-05 00:00:00', '0.00', '10.00', 'Aceptado'),
(77, 2833, 1, '', '', '', '2021-10-05 00:00:00', '0.00', '5.00', 'Aceptado'),
(78, 2833, 1, '', '', '', '2021-10-05 00:00:00', '0.00', '0.00', 'Aceptado'),
(79, 2833, 1, '', '', '', '2021-10-05 00:00:00', '0.00', '5.00', 'Aceptado'),
(80, 2833, 1, '', '', '', '2021-10-05 00:00:00', '0.00', '1.00', 'Aceptado'),
(81, 2833, 1, '', '', '', '2021-10-05 00:00:00', '0.00', '5.00', 'Aceptado'),
(82, 2833, 1, '', '', '', '2021-10-05 00:00:00', '0.00', '4800.00', 'Aceptado'),
(83, 2833, 1, '', '', '', '2021-10-05 00:00:00', '0.00', '2.00', 'Aceptado'),
(84, 2833, 1, '', '', '', '2021-10-05 00:00:00', '0.00', '1.00', 'Aceptado'),
(85, 2836, 1, '', '', '', '2021-10-05 00:00:00', '0.00', '1.00', 'Aceptado');

-- --------------------------------------------------------

--
-- Estructura de tabla para la tabla `ingreso_ingrediente`
--

CREATE TABLE `ingreso_ingrediente` (
  `idingreso_ingrediente` int(11) NOT NULL,
  `idproveedor` int(11) NOT NULL,
  `idusuario` int(11) DEFAULT NULL,
  `tipo_comprobante` varchar(20) NOT NULL,
  `serie_comprobante` varchar(7) DEFAULT NULL,
  `num_comprobante` varchar(10) NOT NULL,
  `fecha_hora` datetime NOT NULL,
  `impuesto` decimal(4,2) NOT NULL,
  `total_compra` decimal(11,2) NOT NULL,
  `estado` varchar(20) NOT NULL
) ENGINE=InnoDB DEFAULT CHARSET=utf8;

--
-- Volcado de datos para la tabla `ingreso_ingrediente`
--

INSERT INTO `ingreso_ingrediente` (`idingreso_ingrediente`, `idproveedor`, `idusuario`, `tipo_comprobante`, `serie_comprobante`, `num_comprobante`, `fecha_hora`, `impuesto`, `total_compra`, `estado`) VALUES
(13, 2833, 1, '', '', '', '2021-10-03 00:00:00', '0.00', '338216.00', 'Aceptado'),
(14, 2833, 1, '', '', '', '2021-10-03 00:00:00', '0.00', '7875.00', 'Aceptado'),
(15, 2833, 1, '', '', '', '2021-10-03 00:00:00', '0.00', '35991.00', 'Aceptado'),
(16, 2833, 1, '', '', '', '2021-10-03 00:00:00', '0.00', '17678.00', 'Aceptado'),
(17, 2833, 1, '', '', '', '2021-10-03 00:00:00', '0.00', '11070.00', 'Aceptado'),
(18, 2833, 1, '', '', '', '2021-10-03 00:00:00', '0.00', '1000.00', 'Aceptado'),
(19, 2833, 1, '', '', '', '2021-10-04 00:00:00', '0.00', '1.00', 'Aceptado');

-- --------------------------------------------------------

--
-- Estructura de tabla para la tabla `permiso`
--

CREATE TABLE `permiso` (
  `idpermiso` int(11) NOT NULL,
  `nombre` varchar(30) NOT NULL
) ENGINE=InnoDB DEFAULT CHARSET=utf8;

--
-- Volcado de datos para la tabla `permiso`
--

INSERT INTO `permiso` (`idpermiso`, `nombre`) VALUES
(1, 'Escritorio'),
(2, 'Almacen'),
(3, 'Compras'),
(4, 'Ventas'),
(5, 'Acceso'),
(6, 'Consulta Compras'),
(7, 'Consulta Ventas');

-- --------------------------------------------------------

--
-- Estructura de tabla para la tabla `persona`
--

CREATE TABLE `persona` (
  `idpersona` int(11) NOT NULL,
  `tipo_persona` varchar(20) NOT NULL,
  `nombre` varchar(100) NOT NULL,
  `tipo_documento` varchar(20) DEFAULT NULL,
  `num_documento` varchar(20) DEFAULT NULL,
  `direccion` varchar(70) DEFAULT NULL,
  `telefono` varchar(20) DEFAULT NULL,
  `email` varchar(50) DEFAULT NULL
) ENGINE=InnoDB DEFAULT CHARSET=utf8;

--
-- Volcado de datos para la tabla `persona`
--

INSERT INTO `persona` (`idpersona`, `tipo_persona`, `nombre`, `tipo_documento`, `num_documento`, `direccion`, `telefono`, `email`) VALUES
(2833, 'Proveedor', 'Johan Gonzalez', 'DNI', '111111111', '', '', ''),
(2834, 'Proveedor', 'Johan Torres', 'DNI', '1111111', '', '', ''),
(2835, 'Proveedor', 'Chef Santiago', 'DNI', '222222222222', '', '', ''),
(2836, 'Proveedor', 'Katherine Cabarico', 'DNI', '111111111111', '', '', ''),
(2837, 'Cliente', 'Clientes varios', 'CEDULA', '11111111111', '', '', ''),
(2838, 'Cliente', 'Johan Gonzalez', 'CEDULA', '19901422', 'CALLE 20 #12 - 46', '3152170468', 'JOHANDJMERIDA2112@GMAIL.COM'),
(2839, 'Cliente', 'Dr Edwin Rodriguez', 'CEDULA', '000000000', 'CAR. 41 #14-85', '3213591295', '');

-- --------------------------------------------------------

--
-- Estructura de tabla para la tabla `usuario`
--

CREATE TABLE `usuario` (
  `idusuario` int(11) NOT NULL,
  `nombre` varchar(100) NOT NULL,
  `tipo_documento` varchar(20) NOT NULL,
  `num_documento` varchar(20) NOT NULL,
  `direccion` varchar(70) DEFAULT NULL,
  `telefono` varchar(20) DEFAULT NULL,
  `email` varchar(50) DEFAULT NULL,
  `cargo` varchar(20) DEFAULT NULL,
  `login` varchar(20) NOT NULL,
  `clave` varchar(64) NOT NULL,
  `imagen` varchar(50) NOT NULL,
  `condicion` tinyint(4) NOT NULL DEFAULT 1
) ENGINE=InnoDB DEFAULT CHARSET=utf8;

--
-- Volcado de datos para la tabla `usuario`
--

INSERT INTO `usuario` (`idusuario`, `nombre`, `tipo_documento`, `num_documento`, `direccion`, `telefono`, `email`, `cargo`, `login`, `clave`, `imagen`, `condicion`) VALUES
(1, 'Johan', 'CEDULA', '72154871', 'Calle los alpes 210', '547821', 'johan@gerencia.com', 'gerente', 'admin', 'e1394c9d98dd6ec750831ed1c8476d71b84a6940ea547af80830ba7a02e080bb', '1629074758.png', 1),
(2, 'prueba', 'CEDULA', '30115425', 'calle los jirasoles 450', '054789521', 'juan@hotmail.com', 'empleado', 'juan', 'b1e7ad7cb659c6c7a544106daf2a860068bdabf33f6c6feb6aa9b542b3c15e23', '1535417486.jpg', 0),
(4, 'cajero', 'CEDULA', '24794531', 'av marquez del toro, 19 b', '3172975270', 'gejocevad@gmail.com', 'cajero', 'caja1', '3eef233d6aced1b6799303b17ce3fd1b01ba8c14d62121342b61f604cc0b50f2', '1596056511.png', 1);

-- --------------------------------------------------------

--
-- Estructura de tabla para la tabla `usuario_permiso`
--

CREATE TABLE `usuario_permiso` (
  `idusuario_permiso` int(11) NOT NULL,
  `idusuario` int(11) NOT NULL,
  `idpermiso` int(11) NOT NULL
) ENGINE=InnoDB DEFAULT CHARSET=utf8;

--
-- Volcado de datos para la tabla `usuario_permiso`
--

INSERT INTO `usuario_permiso` (`idusuario_permiso`, `idusuario`, `idpermiso`) VALUES
(119, 7, 4),
(120, 8, 4),
(121, 2, 1),
(122, 2, 4),
(150, 5, 2),
(151, 5, 3),
(152, 5, 4),
(153, 6, 2),
(154, 6, 3),
(155, 6, 4),
(164, 4, 4),
(165, 1, 1),
(166, 1, 2),
(167, 1, 3),
(168, 1, 4),
(169, 1, 5),
(170, 1, 6),
(171, 1, 7);

-- --------------------------------------------------------

--
-- Estructura de tabla para la tabla `venta`
--

CREATE TABLE `venta` (
  `idventa` int(11) NOT NULL,
  `idcliente` int(11) NOT NULL,
  `idusuario` int(11) NOT NULL,
  `tipo_comprobante` varchar(20) NOT NULL,
  `serie_comprobante` varchar(7) DEFAULT NULL,
  `num_comprobante` varchar(10) NOT NULL,
  `fecha_hora` datetime NOT NULL DEFAULT current_timestamp(),
  `mesa` int(2) NOT NULL,
  `total_venta` decimal(11,2) DEFAULT NULL,
  `estado` varchar(20) DEFAULT NULL
) ENGINE=InnoDB DEFAULT CHARSET=utf8;

--
-- Volcado de datos para la tabla `venta`
--

INSERT INTO `venta` (`idventa`, `idcliente`, `idusuario`, `tipo_comprobante`, `serie_comprobante`, `num_comprobante`, `fecha_hora`, `mesa`, `total_venta`, `estado`) VALUES
(147, 2837, 1, '', '', '', '2021-10-01 18:08:15', 3, '119500.00', 'Anulado'),
(151, 2837, 1, '', '', '', '2021-10-01 20:18:47', 7, '145900.00', 'Anulado'),
(152, 2837, 1, '', '', '', '2021-10-01 20:27:32', 8, '39800.00', 'Aceptado'),
(153, 2837, 1, '', '', '', '2021-10-01 20:38:21', 7, '4000.00', 'Anulado'),
(154, 2837, 1, '', '', '', '2021-10-01 20:43:35', 3, '82000.00', 'Aceptado'),
(155, 2837, 1, '', '', '', '2021-10-01 20:45:03', 7, '42000.00', 'Aceptado'),
(156, 2837, 1, '', '', '', '2021-10-01 20:48:40', 4, '185400.00', 'Aceptado'),
(157, 2837, 1, '', '', '', '2021-10-01 21:03:22', 2, '85000.00', 'Aceptado'),
(158, 2837, 1, '', '', '', '2021-10-01 23:47:17', 11, '15000.00', 'Aceptado'),
(159, 2837, 1, '', '', '', '2021-10-02 19:37:47', 4, '59000.00', 'Aceptado'),
(160, 2837, 1, '', '', '', '2021-10-02 20:03:12', 2, '100900.00', 'Aceptado'),
(161, 2837, 1, '', '', '', '2021-10-02 20:07:37', 5, '98400.00', 'Aceptado'),
(162, 2837, 1, '', '', '', '2021-10-02 20:28:45', 3, '57000.00', 'Aceptado'),
(163, 2837, 1, '', '', '', '2021-10-02 20:30:44', 1, '92800.00', 'Aceptado'),
(164, 2837, 1, '', '', '', '2021-10-02 20:31:18', 12, '31000.00', 'Aceptado'),
(165, 2837, 1, '', '', '', '2021-10-02 20:50:39', 6, '69000.00', 'Aceptado'),
(166, 2837, 1, '', '', '', '2021-10-02 21:20:49', 4, '158800.00', 'Aceptado'),
(167, 2837, 1, '', '', '', '2021-10-02 21:50:02', 3, '35000.00', 'Aceptado'),
(168, 2837, 1, '', '', '', '2021-10-02 22:15:19', 8, '39800.00', 'Aceptado'),
(169, 2837, 1, '', '', '', '2021-10-02 22:31:29', 7, '14000.00', 'Aceptado'),
(171, 2837, 1, '', '', '', '2021-10-03 22:25:06', 2, '45900.00', 'Aceptado'),
(172, 2838, 1, '', '', '', '2021-10-04 13:53:03', 1, '11000.00', 'Aceptado'),
(173, 2839, 1, '', '', '', '2021-10-05 16:30:42', 12, '30000.00', 'Aceptado'),
(174, 2837, 1, '', '', '', '2021-10-05 17:21:59', 12, '26600.00', 'Aceptado'),
(175, 2837, 1, '', '', '', '2021-10-05 19:12:48', 7, '48000.00', 'Aceptado'),
(176, 2837, 1, '', '', '', '2021-10-05 20:09:50', 12, '29200.00', 'Aceptado');

--
-- Índices para tablas volcadas
--

--
-- Indices de la tabla `articulo`
--
ALTER TABLE `articulo`
  ADD PRIMARY KEY (`idarticulo`),
  ADD UNIQUE KEY `nombre_UNIQUE` (`nombre`),
  ADD KEY `fk_articulo_categoria_idx` (`idcategoria`),
  ADD KEY `fk_articulo_ingrediente_idx` (`ing1`,`ing2`,`ing3`,`ing4`,`ing5`,`ing6`,`ing7`) USING BTREE;

--
-- Indices de la tabla `categoria`
--
ALTER TABLE `categoria`
  ADD PRIMARY KEY (`idcategoria`),
  ADD UNIQUE KEY `nombre_UNIQUE` (`nombre`);

--
-- Indices de la tabla `detalle_ingreso`
--
ALTER TABLE `detalle_ingreso`
  ADD PRIMARY KEY (`iddetalle_ingreso`),
  ADD KEY `fk_detalle_ingreso_idx` (`idingreso`),
  ADD KEY `fk_detalle_articulo_idx` (`idarticulo`);

--
-- Indices de la tabla `detalle_ingreso_ingrediente`
--
ALTER TABLE `detalle_ingreso_ingrediente`
  ADD PRIMARY KEY (`iddetalle_ingreso_ingrediente`),
  ADD KEY `fk_detalle_ingreso_ingrediente_idx` (`idingreso_ingrediente`),
  ADD KEY `fk_detalle_ingrediente_idx` (`idingrediente`);

--
-- Indices de la tabla `detalle_venta`
--
ALTER TABLE `detalle_venta`
  ADD PRIMARY KEY (`iddetalle_venta`),
  ADD KEY `fk_detalle_venta_venta_idx` (`idventa`),
  ADD KEY `fk_detalle_venta_articulo_idx` (`idarticulo`),
  ADD KEY `fk_detalle_venta_ingrediente_idx` (`ing1`,`ing2`,`ing3`,`ing4`,`ing5`,`ing6`,`ing7`) USING BTREE;

--
-- Indices de la tabla `ingrediente`
--
ALTER TABLE `ingrediente`
  ADD PRIMARY KEY (`idingrediente`);

--
-- Indices de la tabla `ingreso`
--
ALTER TABLE `ingreso`
  ADD PRIMARY KEY (`idingreso`),
  ADD KEY `fk_ingreso_persona_idx` (`idproveedor`),
  ADD KEY `fk_ingreso_usuario_idx` (`idusuario`);

--
-- Indices de la tabla `ingreso_ingrediente`
--
ALTER TABLE `ingreso_ingrediente`
  ADD PRIMARY KEY (`idingreso_ingrediente`),
  ADD KEY `fk_ingreso_ingrediente_persona_idx` (`idproveedor`),
  ADD KEY `fk_ingreso_ingrediente_usuario_idx` (`idusuario`);

--
-- Indices de la tabla `permiso`
--
ALTER TABLE `permiso`
  ADD PRIMARY KEY (`idpermiso`);

--
-- Indices de la tabla `persona`
--
ALTER TABLE `persona`
  ADD PRIMARY KEY (`idpersona`);

--
-- Indices de la tabla `usuario`
--
ALTER TABLE `usuario`
  ADD PRIMARY KEY (`idusuario`),
  ADD UNIQUE KEY `login_UNIQUE` (`login`);

--
-- Indices de la tabla `usuario_permiso`
--
ALTER TABLE `usuario_permiso`
  ADD PRIMARY KEY (`idusuario_permiso`),
  ADD KEY `fk_u_permiso_usuario_idx` (`idusuario`),
  ADD KEY `fk_usuario_permiso_idx` (`idpermiso`);

--
-- Indices de la tabla `venta`
--
ALTER TABLE `venta`
  ADD PRIMARY KEY (`idventa`),
  ADD KEY `fk_venta_persona_idx` (`idcliente`),
  ADD KEY `fk_venta_usuario_idx` (`idusuario`);

--
-- AUTO_INCREMENT de las tablas volcadas
--

--
-- AUTO_INCREMENT de la tabla `articulo`
--
ALTER TABLE `articulo`
  MODIFY `idarticulo` int(11) NOT NULL AUTO_INCREMENT, AUTO_INCREMENT=287;

--
-- AUTO_INCREMENT de la tabla `categoria`
--
ALTER TABLE `categoria`
  MODIFY `idcategoria` int(11) NOT NULL AUTO_INCREMENT, AUTO_INCREMENT=43;

--
-- AUTO_INCREMENT de la tabla `detalle_ingreso`
--
ALTER TABLE `detalle_ingreso`
  MODIFY `iddetalle_ingreso` int(11) NOT NULL AUTO_INCREMENT, AUTO_INCREMENT=519;

--
-- AUTO_INCREMENT de la tabla `detalle_ingreso_ingrediente`
--
ALTER TABLE `detalle_ingreso_ingrediente`
  MODIFY `iddetalle_ingreso_ingrediente` int(11) NOT NULL AUTO_INCREMENT, AUTO_INCREMENT=42;

--
-- AUTO_INCREMENT de la tabla `detalle_venta`
--
ALTER TABLE `detalle_venta`
  MODIFY `iddetalle_venta` int(11) NOT NULL AUTO_INCREMENT, AUTO_INCREMENT=427;

--
-- AUTO_INCREMENT de la tabla `ingrediente`
--
ALTER TABLE `ingrediente`
  MODIFY `idingrediente` int(11) NOT NULL AUTO_INCREMENT, AUTO_INCREMENT=121;

--
-- AUTO_INCREMENT de la tabla `ingreso`
--
ALTER TABLE `ingreso`
  MODIFY `idingreso` int(11) NOT NULL AUTO_INCREMENT, AUTO_INCREMENT=86;

--
-- AUTO_INCREMENT de la tabla `ingreso_ingrediente`
--
ALTER TABLE `ingreso_ingrediente`
  MODIFY `idingreso_ingrediente` int(11) NOT NULL AUTO_INCREMENT, AUTO_INCREMENT=20;

--
-- AUTO_INCREMENT de la tabla `permiso`
--
ALTER TABLE `permiso`
  MODIFY `idpermiso` int(11) NOT NULL AUTO_INCREMENT, AUTO_INCREMENT=8;

--
-- AUTO_INCREMENT de la tabla `persona`
--
ALTER TABLE `persona`
  MODIFY `idpersona` int(11) NOT NULL AUTO_INCREMENT, AUTO_INCREMENT=2840;

--
-- AUTO_INCREMENT de la tabla `usuario`
--
ALTER TABLE `usuario`
  MODIFY `idusuario` int(11) NOT NULL AUTO_INCREMENT, AUTO_INCREMENT=5;

--
-- AUTO_INCREMENT de la tabla `usuario_permiso`
--
ALTER TABLE `usuario_permiso`
  MODIFY `idusuario_permiso` int(11) NOT NULL AUTO_INCREMENT, AUTO_INCREMENT=172;

--
-- AUTO_INCREMENT de la tabla `venta`
--
ALTER TABLE `venta`
  MODIFY `idventa` int(11) NOT NULL AUTO_INCREMENT, AUTO_INCREMENT=177;
COMMIT;

/*!40101 SET CHARACTER_SET_CLIENT=@OLD_CHARACTER_SET_CLIENT */;
/*!40101 SET CHARACTER_SET_RESULTS=@OLD_CHARACTER_SET_RESULTS */;
/*!40101 SET COLLATION_CONNECTION=@OLD_COLLATION_CONNECTION */;
